<TEI xmlns="http://www.tei-c.org/ns/1.0" xmlns:tei="http://www.tei-c.org/ns/1.0" xmlns:eltec="http://distantreading.net/eltec/ns" xml:lang="slo" xml:id="SLK2012365">
  <teiHeader>
    <fileDesc>
      <titleStmt>
        <title>Ako sa v P......i divadlo hralo : ELTeC edícia
        </title>
        <author ref="viaf:42640171">Maršall-Petrvoský, Gustáv (1862-1916)</author>
        <respStmt>
          <resp>editor</resp>
          <name>Marek Vician</name>
        </respStmt>
      </titleStmt>
      <extent>
        <measure unit="words">1417</measure>
      </extent>
      <publicationStmt>
        <p/>
      </publicationStmt>
      <sourceDesc>
        <bibl type="printSource">
          <author ref="viaf:42640171">Maršall-Petrvoský, Gustáv (1862-1916)</author>
          <title ref="ISBN:978-80-8101-278-5">Ako sa v P......i divadlo hralo</title>
          <pubPlace>Bratislava</pubPlace>
          <publisher>Kalligram</publisher>
          <date>2012</date>
        </bibl>
      </sourceDesc>
    </fileDesc>
    <encodingDesc n="eltec-1">
      <p/>
    </encodingDesc>
    <profileDesc>
      <langUsage>
        <language ident="sk"/>
      </langUsage>
      <textDesc>
        <eltec:authorGender key="M"/>
        <eltec:size key="short"/>
        <eltec:canonicity key="unspecified"/>
        <eltec:timeSlot key="T3"/>
      </textDesc>
    </profileDesc>
    <revisionDesc>
      <change when="2023-12-26">
        Initially created as an ELTeC file
      </change>
    </revisionDesc>
  </teiHeader>
  <text>
    <front>
      <div type="titlepage">
        <head>AKOSA V P......I DIVADLO HRALO</head>
      </div>
    </front>
    <body><p>
      Bola pekná ako Vajanského Rybárička, no omnoho hlavatejšia.
    </p>
    <p>
      Vlastne nebola ona vinou toho. Ju maznal osud, keď obdaril ju pô-
      vabným zovňajškom, peknými vlohami, a maznal ju i svet, keď mlčky
      klonil sa jej vlastnostiam. Rovno takým spôsobom stala sa teda hlavatou
      ako dieťa: z ľuľkania, maznania abstrahovala si vôľu pre prípady, keby
      ono prestalo.
    </p>
    <p>
      A Olga Pazovská byť spokojná so svojím osudom: v malom síce kru-
      hu, no absolútne panovala.
    </p>
    <p>
      No pretože sú, ako je známe, všetci ľudia nie jednakí, vyskytol sa člo-
      vek, ktorý nijak nechcel uznať jej všemohúcnosť.
    </p>
    <p>
      A ten jedinák bol jej práve najmilší.
    </p>
    <p>
      Stalo sa to pred troma rokmi. Svet len oči otvoril, keď počul, že je
      pomeru Ivana Bóľovského a Oľgy Pazovskej - koniec. Prečo, začo? - há-
      dalo sa po blatnavých dedinkách. Potom sa dozveddli.
    </p>
    <p>
      Ivan Bóľovský, dokončil teóriu právnického štúdia, nechcel sa dať
      na odvislú štátnu službu, a Olga Pazovská chcela sa len za sudcu vy-
      dať.
    </p>
    <p>
      Nuž a pretože „kosa padla na kameň, šiel mladý Bóľovský doktoráty
      skladať, a Oľga Pazovská pojala si onedlho sudcu za muža.
    </p>
    <p>
      Teraz sedia vedľa seba.
    </p>
    <p>
      Bóľovský práve dokončil štúdiá a Oľga je už od dvoch rokoch vdova
      po kráľovskom sudcovi Horskom.
    </p>
    <p>
      Komické je to konečne dosť. Starká pani Rezniečková, obom tetka po
      matkách, zato ironicky poznamenala svojmu mužovi:
    </p>
    <p>
      
    </p>
    <p>
      
    </p>
    <p>
      
      <pb/>„Vidíš, Janko, tých dvoch musím spolu posadiť. Neviem, kedy vypuk-
      ne požiar, dobre je teda, aby sa pospolu mali, keď si okolo krku padnú,
      lebo ináč by mi service do nebezpečenstva prišiel.“
    </p>
    <p>
      Ktomu však neprišlo, nie že by snáď na dobrej vôli bolo chýbalo, ale
      item smelosť bola v malej dóze zastúpená. On nazdal sa, že sa ona hnevá
      — a ona mala zlé svedomie. Sedela na nízkej chaise longue a nahlas čítala
      priateľkám vzletný úvodný článok Národných novín „O prostriedkoch
      šírenia národného povedomia.“
    </p>
    <p>
      „Vidíš, Ivan,“ riekla k Bóľovskému, keď dokončila čítanie, „i Národnie
      mi za pravdu dávajú, že sa národné povedomie i divadelným predstave-
      ním utužuje a rozširuje.“
    </p>
    <p>
      „A tvrdil som ja protivu?“ pýtal sa Bóľovský.
    </p>
    <p>
      „To práve nie, ale keď moje podujatie cieľom zariadenia ochotníckeho
      predstavenia podporovať nechceš, nuž znamená to málo menej,“ vetila
      Oľga.
    </p>
    <p>
      „Znamená práve len toľko, že ho podporovať nemôžem. Však vieš,
      že otec nástojí, aby som do cudzozemska šiel,“ pokojne odpovedal Bó-
      ľovský.
    </p>
    <p>
      „Nuž ale, keď vieš, žebez teba nemôžeme sa zaobísť, prečo by si tomu
      cieľu tých pár dní venovať nemohol?“
    </p>
    <p>
      Bóľovský nevšimol si otázky - preberal sa v albume.
    </p>
    <p>
      „Snáď láka dačo? Do cudzozemska pôjde sa cez Pešť a tam staré zná-
      me, vrelé uvítanie: nie, pán brat?“ škádlila ho mladá vdova.
    </p>
    <p>
      Bóľovský mrzuto pozeral na ňu.
    </p>
    <p>
      „Človek sa ta túli, kde ho radi majú, a ty byv mala najlepšie vedieť, že
      ma sem nič nepúta. Nudím sa tu!“ odvetil zaklopiac knihu.
    </p>
    <p>
      Oľginu tvár zalial rumenec.
    </p>
    <p>
      „Nuž to je isté, že v Pešti hrať nemôžeme a ani tie, čo ťa „rady majú,
      sem priviesť nemožno,“ žartovala.
    </p>
    <p>
      Bóľovský sa zasmial.
    </p>
    <p>
      „Pretože ale hrať musíme,“ pokračovala Oľga „nájdeme i spôsol
    </p>
    <p>
      Oprela hlávku o ruku a rozmýšľa, ani čo by sa pánboh vie oakú
      vec bolo jednalo.
    </p>
    <p>
      Bóľovský sa prechádzal po izbe.
    </p>
    <p>
      „Počuješ, Ivan! Pristaneš na čaru?“ pýtala sa ho zrazu Olga.
    </p>
    <p>
      
    </p>
    <p>
      
    </p>
    <p>
      
      <pb/>„Na akú čaru?“
    </p>
    <p>
      „Nuž - ja prevezmem na ten čas, kým predstavenie uskutočníme, sta-
      rať sa o to, aby si sa „nenudiľ u nás. Treba je teda, aby si sa len túlil,“
      vysvetľovala Olga.
    </p>
    <p>
      Celá spoločnosť sa dala do smiechu, i sám Bóľovský nevedel sa zdržať.
    </p>
    <p>
      „A akože počneš povinnosť plniť? V čom dáš tú svoju nekonečnú lás-
      ku najavo?“ pýtal sa jej trochu rozčúlene.
    </p>
    <p>
      Olga bola v zmätku.
    </p>
    <p>
      „Rozumej ma. Nie nekonečnú, ba v deň predstavenia končiacu lásku
      ti núkam. Potom máš zas Peštianky,“ odpovedala uštipačne.
    </p>
    <p>
      „Ako vidím, si o tú vec veľmi zaujatá: ohromné obete donášaš,“ po-
      smešne hovoril Ivan, prechádzajúc sa po izbe.
    </p>
    <p>
      O chvíľu zastavil sa pri Olge.
    </p>
    <p>
      „Vieš čo, Olga. Budem vám teda riaditeľom, šepkárom, hercom a čím
      len chceš, ale pod výnimkou.“
    </p>
    <p>
      »„A tá znie?“
    </p>
    <p>
      „Ak ma po predstavení pred celým publikom pobozkáš!“
    </p>
    <p>
      Spoločnosť sa smiala nápadu a Oľga váhala.
    </p>
    <p>
      „Tak, to je teda tá obetavosť národná? Inak neostaneš?“ pýtala sa ho
      pritlmeným hlasom.
    </p>
    <p>
      Bólovského bodla výčitka - no neustúpil.
    </p>
    <p>
      „Nie - neostanem. Voľsi!“
    </p>
    <p>
      Hlavatá národovkyňa povzniesla sa nad slušnosť.
    </p>
    <p>
      „Teda ťa bozkám,“ riekla pevne a podala mu ruku.
    </p>
    <p>
      Bólovský takmer z kože vyskočil, a prirodzená vec, rád by bol hneďi
      závdavok na zmluvu dostať. Toho sa mu však nedostalo.
    </p>
    <p>
      „Ja ti neujdem do cudzozemska,“ odpovedala mu položartom, polo-
      vážne.
    </p>
    <p>
      („Veď sa žena nehnevá na mňa, ako som si myslel.“)
    </p>
    <p>
      Druhý deň počala sa práca. Úlohy sa odpisovali, robilo sa javisko
      a ozdoby do neveľkého teremu Slamkovho hostinca.
    </p>
    <p>
      Mohlo sa to síce všetko dať remeselníkom - potom by ale nemalo vraj
      tej ceny. Obrazy, zrkadlá požičala inteligencia a pekné biele ruky robili
      vence a kokardy na ne. Bóľovský upotrebil slobodného času k využitko-
      vaniu patentu.
    </p>
    <p>
      
      
      <pb/>Sedeli pri piane a hrali. Ivan pretrhol hru a chytil Oľginu ruku.
    </p>
    <p>
      „Vidíš, Olga, nič si mi nepovedala. Bola si šťastná za ten rok?“ (Myslel
      rok jej manželstva.)
    </p>
    <p>
      Olga kývla plecom a ľavou rukou silno brala basové akordy. Do očú
      vkradla sa jej slza.
    </p>
    <p>
      Bólovský čakal na odvetu.
    </p>
    <p>
      Potriasla hlavou.
    </p>
    <p>
      „Nie! Nešťastná som bola,“ odpovedala zvlneným hlasom.
    </p>
    <p>
      Na to slovo bozkal jej pravicu.
    </p>
    <p>
      „Teší ťa to?“ pýtala sa s výčitkou.
    </p>
    <p>
      „Áno!“ odpovedal a pritisol ju k sebe, pobozkal jej smutnú tvár.
    </p>
    <p>
      Slzy jej vyhékli. Pružne vytrhla sa mu z ramien.
    </p>
    <p>
      „Tosom ti nedovolila: ponechaj si to pre Pešť,“ riekla zlobne a vyšla von.
    </p>
    <p>
      Bólovskému sa ale vzdor podobným zlobám páčil svet: bol by ho celý
      objal.
    </p>
    <p>
      Večer pred predstavením našiel ju v záhrade.
    </p>
    <p>
      Sedela s mračnou tvárou na lavici, držiac v ruke svoju úlohu.
    </p>
    <p>
      Bólovský si sadol k nej.
    </p>
    <p>
      „Olga, vieš, že neľutujem, že som ostal?“ pýtal sa jej posmešne.
    </p>
    <p>
      Ona mlčala.
    </p>
    <p>
      „A ešte zajtra, po predstavení. Budú že mi závidieť ten bozk...! Alebo
      si snáď oľutovala daný sľub?“
    </p>
    <p>
      „Nie, - splním ho. Veď ho musím splniť - ale potom...,“ nedokončila
      vetu.
    </p>
    <p>
      „Čo potom?“
    </p>
    <p>
      Neodpovedala mu.
    </p>
    <p>
      „Vidíš, Olinka, zaslúžiš ten trest. Vieš, čo to znamená, tri roky žiť vtme,
      keď predtým žila si v svetle? A ja som tak! Tri roky si mi zo života vyr-
      vala - ai tysi bola nešťastná. A prečo?“ pýtal sa jej s bôľnou výčitkou.
    </p>
    <p>
      Olginou tvárou zrkadlili sa city: sprvu radosť - potom žiaľ. Plesala, že
      muž, ideál jej lásky, nezmenil svoje city, a žialila za rokmi, ktoré svojmu.
      malichernému vrtochu obetovala.
    </p>
    <p>
      Chytila mu ruku a milostne, žiaľne zrela do jeho očú.
    </p>
    <p>
      „A či ďalej tak?“ pýtal sa Ivan, „Dala si lehotu dozajtra. Prečo nie i
      naďalej - donekonečna. Veď v láske môžeš u mňa len seba samu zastu-
      povať: ja nepremenil som svoje city. A ty, Olinka?“
    </p>
    <p>
      
      <pb/>Položil svoje ruky na jej ramená a tak čakal jej odvetu. Jej tvárou tiekli
      slzy.
    </p>
    <p>
      „Nie, - nie som ťa hodna,“ štkala bolestne a túlila sa k jeho prsiam.
    </p>
    <p>
      „Že či hodna?!“ vykríkol Ivan a náruživo vybozkával krásne žieňa.
    </p>
        <milestone unit="subchapter" rend="stars"/>
    <p>
      A druhý deň hralo sa divadlo. Poslucháči boli prekvapení rutinou, kto-
      rou pani Horská svoju úlohu hrala: bedliví pozorovatelia mohli však ba-
      ť, že čím ďalej ku koncu, tým horšie hrá.
    </p>
    <p>
      Chudera mladá žena mnoho vytrpela počas predstavenia. Ona ľúbila
      celým ohňom svojej náruživej povahy Bóľovského, a práve preto obano-
      vala sľub svoj.
    </p>
    <p>
      „Veď ho musím splniť - - ale potom...“ vravela včera Ivanovi. Dopl-
      nokby bol „... potom ťa nechcem, lebo dovolil si, aby som sa znížila, aby
      sa na doživotný terč dedinských pletích postavila.“
    </p>
    <p>
      Čas bežal, prišiel i koniec krátkej veselohry.
    </p>
    <p>
      Opona spadla a zas sa vytiahla.
    </p>
    <p>
      Na javisku stál Bóľovský a čakal na odmenu.
    </p>
    <p>
      Olga spoza kulís zopäla ruky k nemu, potom neistým krokom, s ble-
      dou tvárou vystúpila na dosky.
    </p>
    <p>
      Bóľovský sa usmieval, ona sa na celom tele triasla.
    </p>
    <p>
      Obecenstvo napnute pozorovala.
    </p>
    <p>
      Bóľovský poloomdletú chytil za ruku.
    </p>
    <p>
      Spoza kulís ako na znak vystúpili ochotníci.
    </p>
    <p>
      Jeden z nich postavil sa k B: ému a nahlas hovoril:
    </p>
    <p>
      „V mene ochotníckeho družstva mám česť veľactenému obecenstvu
      oznámiť, že“ — pozrel na bledú Olgu, - „sme sa uzhodli pred svadbou
      nášho ochotníckeho riaditeľa, pána Bóľovského s pani Horskou, a síce
      dňa 24. októbra ešte jedno predstavenie zariadiť - ku ktorému sa veľa-
      ctené obecenstvo týmto ústne povoláva!“
    </p>
    <p>
      Opona rýchlo padla.
    </p>
    <p>
      Obecenstvo bolo náramne prekvapené, lebo veď sľub Olgin presiakol
      i do verejnosti.
    </p>
    <p>
      Jedni, poťažne jedny robili dlhé tváre: druhí volali ochotníkom „živili!“
    </p>
    <p>
      
    </p>
    <p>
      
    </p>
    <p>
      
      <pb/>Za oponou ovila mladá vdova svoje biele ramená okolo šije pána di-
      rektora a povďačne bozkala jeho usmiate pery - a to nielen raz, ako to
      sľúbila.
    </p>
    <p>
      Takto, hľa, hralo sa u nás divadlo!
      <pb/></p>
    </body>
  </text>
</TEI>
