<TEI xmlns="http://www.tei-c.org/ns/1.0" xmlns:tei="http://www.tei-c.org/ns/1.0" xmlns:eltec="http://distantreading.net/eltec/ns" xml:lang="slo" xml:id="SLK2012255">
  <teiHeader>
    <fileDesc>
      <titleStmt>
        <title>Emigranti : ELTeC edícia
            </title>
            <author ref="viaf:19713382">Kubáni, Ľudovít (1830-1869)</author>
        <respStmt>
          <resp>editor</resp>
          <name>Marek Vician</name>
        </respStmt>
      </titleStmt>
      <extent>
        <measure unit="words">6391</measure>
      </extent>
      <publicationStmt>
        <p/>
      </publicationStmt>
      <sourceDesc>
        <bibl type="printSource">
          <author ref="viaf:19713382">Kubáni, Ľudovít (1830-1869)</author>
          <title level="a" ref="ISBN:978-80-8101-683-7">Emigranti</title>
          <pubPlace>Bratislava</pubPlace>
          <publisher>Kalligram</publisher>
          <date>2012</date>
        </bibl>
      </sourceDesc>
    </fileDesc>
    <encodingDesc n="eltec-1">
      <p/>
    </encodingDesc>
    <profileDesc>
      <langUsage>
        <language ident="sk"/>
      </langUsage>
      <textDesc>
        <eltec:authorGender key="M"/>
        <eltec:size key="short"/>
        <eltec:canonicity key="unspecified"/>
        <eltec:timeSlot key="T2"/>
      </textDesc>
    </profileDesc>
    <revisionDesc>
      <change when="2023-12-18">
            Initially created as an ELTeC file
          </change>
    </revisionDesc>
  </teiHeader>
  <text>
    <front>
      <div type="titlepage">
        <head>Emigranti</head>
        <head>(Tourisitické dobrodružstvo)</head>
      </div>
    </front>
    <body>
      <p>
        Závidím emigrantom!... Ja som ním bol pár hodín, a vodilo sa mi dob-
        re. Ľutovali ma, uctili ma... ba sa snáď i zaľúbili — nie síce do mňa, ale
        do môjho spoluturistu, merníka Ružana (kto by tohto pána nepoznal,
        upravujem ho na prvý ročník Lípy, kde už vtedy vojvodí ako ideálny
        zalúbenec), ktorý - čo sa takzvaného „exteriéru“ týka - je alebo aspoň
        bol Endymion vo zväčšenom formáte, asi v 99. vydaní. Opisovať ho te-
        raz nebudem: ba načo?... Slovensko ho pozná ako novomódneho Ulyxa,
        blúdiaceho na mori problematického okolia hornouhorského Slovenska.
        Hned je pod Kriváňom, hneď pod Fatrou: dnes pod Sincom, zajtra pod
        Sitnom - a so mnou bol pod Poľanou vosídlach bohyne Circe, ktorej sa.
        iba zato striasol, aby sa až doteraz nedostal k svojej budúcej Penelope.
        Ale, aby som na naše emigrantstvo prišiel, musím začať od počiatku.
        Merník Ružan, ako i teraz, boli predtým naozajstný neposeda... Mu-
        čilo a trápilo ho to na jednom mieste ako Petra Schlemihla, ktorý hľadal
        svoju tôňu v sedemmíľových čižmách. Ružan má síce svoju tôňu: najmä
        ráno a večer ju nebolo radno hľadať, ale má i anglický spleen (však nás
        i tak „hlas zo Slovenska“ i s Čaplovičom k Angličanom pripodobňuje),
        a tento svetom roznášať - zdá sa mi byť jeho úlohou. Ja na spleen ne-
        trpím, preto mi Ružan dakde okolo Radvane nadal - do francúzskych
        Šarlatánov, ktorí do sveta ani zádumčivo, zasmušilo nevedia pozerať: pri
        tom všetkom však rád cestujem zvlášť na cudzích „kelčíkoch“. Keď ma.
        teda asi pred pätnástimi rokmi (práve vo vhodný čas, lebo som sa vtedy
        následkom Bachovho defnitíva nachodil v disponibilite, t. j. bez služby)
        k spolucestovaniu vyzval - usmial som sa, podal som mu ruku, položil
        zelené protiprašné okuliare na nos, pod pravú pazuchu dáždnik, pod
        ľavú dlhorúrovú fajku, na hlavu vydrový klobúk asi tej podoby, ako či-
        kóši nosia, na pol pleca kapseľu á la botanista a na všetko toto jeden
        predpotopný čiže karbonársky sedemdesiatsedemgolierový kepeň - i
        stúpal som za Ružanom.
      </p>
      <p>
        Kam?... Do slávnych miest Bryndzovej, Lojnice, Škrupiny, Kyselni-
        ce - a bohvie, ako sa všetky podľa nebeského černokňažníka volajú.
        Načo?... Vidieť divy a zázraky terajšieho sveta, ktoré sa v týchto sláv
        nych mestách ako v strediskách nakopené nachádzajú: zdokonaľovať sa.
        v národopise, skúmať nový, kryptogamický a odrazu ako hríb na dejisko
        sveta pod menom „Tótmagyar“ vystúpivší národ v jeho velikánskych
        cieľoch, odvodzujúcich ideu všesvetovej slobody z nutnosti odnárodne-
        nia.
      </p>
      <p>
        A vskutku, skusby naše boli a sú veľadôležité! Zdalo sa mi, že som
        v Austrálii, kde všetko naopak ako v Európe. Tu podlosť znamená cha-
        rakter, anarchia poriadok, závislosť autonómiu, zrada vlasti milovanie
        národa, alebo naopak, slovom - obrátený svet: kde zver lieta, vtáctvo!
        na štyroch chodí, ryby v povetrí plávajú, oheň tečie a voda blnká atď.
        atď. Každý si môže predstaviť dojmy, ktoré pôsobili na mňa pri tomto.
        opačnom poriadku vecí. Spočiatku mi bolo trochu divno okolo srdca...
        Keď som sa však hlbšie zahrúžil do stavu vecí a pozornejšie skúmal túto:
        mimoriadnosť - tu som sa zrazu ocitol vtom presvedčení, že tieto kraje
        pochopili opravdivú filozofiu a určenie života... že tento ľud skutočne sa.
        opeká na úslní tých právd, ktoré jedine blažiaco pôsobia, nie síce na du-
        cha - ale na bruchá: že vynašiel kameň mudrcov, žiť a hniť v pokoji: dať
        sa obliekať v lesk a slávu cudzoty ako kavky v pávie perá: sadať do tône
        pustatín a tam držať siestu ako blažení lazaróni v utešenom Neapole.
      </p>
      <p>
        Hoj! Je to národ, čo pochopil svoje určenie... Je to - ale hop! zablúdil
        som, sám neviem kam, a ako sa vymocem... Nie je to ani žart, vrátiť sa.
        z tohto Kanaánu, kde sa i Ružanov spleen na slnku opísaných mimoriad-
        ností roztopil, naspäť do nášho prozaického Egypta: z toho Kanaánu,
        v ktorom by sme snáď i teraz blúdili, keby nám boli trvali groše, táto
        jediná modla opisovaných krajov. Kým sme v sprievode týchto bôžikov
        v zaslúbenej tejto zemi turistovali, nemala úcta naproti nám koncakraja:
        korili sa, klaňali sa nám ako zlatému teliatku. Prišiel Mojžiš v podobe
        núdze, stroskotal teľa — a modlári sa rozpíchli, schovali sa do
        svojich dier ako rozprášené myši: a my turisti leteli navýlomkrky - kam?
        - Ďaleko, ďaleko... až na Detvu!
      </p>
      <p>
        Detvu, Detvana a Detvianku náš neporovnateľný Sládkovič tak pô-
        vabne opísal, že nám nikto nemôže mať za zlé, keď sme videli v každom.
        šarvancovi ideál slovenského šuhaja, Martinka, vkaždej dievčine zosob-
        nenú Elenku... V zjave tých utešených krás či velebnej prírody a či uteše-
        ných rýdzo slovenských postáv zabúdali sme na naše vyčerpané, vysuše-
        né vačky, na žalúdky stenajúce ako prázdny mechúr, roztrhané boty atď.
      </p>
      <p>
        Stáli sme nad Detvou vo vytržení ako Vasco Nuňez de Balboa na-
        vrchu Panamskej úžiny, pozerajúci prvý z európskych smrteľníkov na
        velikánsky šíro-široký Tichý oceán...
      </p>
      <p>
        Ružan rozprestrel ruky na spôsob veličenstva pána kráľa, keď pri koru-
        novácii na kopni máva mečom vo štyri sveta strany, ako čo by sa ion - to-
        tižto Ružan - bol chcel položiť do skutočného majetku detvianskeho údolia.
      </p>
      <p>
        Ja som sa díval cez zelené, prachom zapadnuté okuliare ako v apatéke
        v zelenej sklenke zatvorený had, ktorému sa všetko vidí - žltým...
      </p>
      <p>
        „Detva!“ vydýchol Ružan.
      </p>
      <p>
        „Syr a žinčica!“ zvolal som ja.
      </p>
      <p>
        Môj spoludruh pozrel na mňa opovržlivo ako asi Don Ouijote na
        Sancha Pansu, keď mu tento rozprával o svojej výprave k Dulcinei z To-
        bosa - ktorú miesto diamantov našiel žito osievať.
      </p>
      <p>
        „Nechápeš zmysel môjho výkriku, ty si prozaický chlebár!“ zavolal
        potupne, ako čo by on z povetria žil.
      </p>
      <p>
        „Brrr!“ pomyslel som si, „to je pekné! Jedným som romantik, druhým
        chlebár! Rád by som vedel, ako sa tieto dva extrémy môžu sústreďovať
        v jednej osobe!“
      </p>
      <p>
        Ale nahlas nepovedal som nič: zostupoval som dolu kopcom za ním,
        totiž merníkom, ktorý miesto trigonometrických punktov skúmal zve-
        davé tváre popri nás prechodiacich devíc, skutočný prototyp filozofujú-
        ceho Schillera, keď básnil, a naopak.
      </p>
      <p>
        Keď sme mali vkročiť do mesta, zastane pán merník i padne do na-
        sledujúceho extrému:
      </p>
      <p>
        „Stano! Máš dáke groše?“
      </p>
      <p>
        „Ani babky!.. V Slatine sme prebryndzovali ostatný halier...“
      </p>
      <p>
       „To je zle... ostatne Detva je vzor Slovenska: istotne nás tu čaká oprav-
        divé pohostinstvo.“
      </p>
      <p>
        V očakávaní detvianskeho potvrdenia tejto slovenskej cnosti škúlili
        sme do dvorov, či sa na prahoch domov nezjavia sivooké device s plný-
        mi črpákmi sťa rusovlasé rusalky, a chytiac nás, nezaveslujú s nami ku
        stolom, bohato naloženým darmi slovenskej prírody?...
      </p>
      <p>
        Ale v Detve bolo ticho!... Pusté dvory a domy ako úle, z ktorých sa
        všetky včielky do ostatnej vyrojili.
        nejako zaujala clivá predtucha: zabudli sme, že obyvateľstvo
        Detvy v lete žije z väčšej časti v poli po salašoch. Naostatok sme zazreli
        jednu staruchu.
      </p>
      <p>
        „Tetka! Či by ste nemali dačo zjesť...?“ dopytoval som sa napnutým
        hlasom.
      </p>
      <p>
        Tetka otvorila zvedavé, zuboprázdne ústa, spráskla rukami a hybaj
        vútek...
      </p>
      <p>
        „Pekne sme!“ zhomrali sme oba: i mrzelo nás, i bolo nám do smiechu.
      </p>
      <p>
        Čo tu robiť? Hm, čo tu robiť? To je tá otázka, čiže guadratura circuli...
      </p>
      <p>
        Ani známosti, ani grošov: kam sa pustíš, biedny človeče? Merník, ako
        idealista, pozrel hore k nebu: ja, ako chlebár, k zemi, istotne oba v náde-
        ji rozlúštenia otázky, načítanej v mysli našej v podobe dolnozemského
        kútágašu:
      </p>

      <quote>
        <l><foreign xml:lang="hu">„Kútágasra szállott a sas,</foreign></l>
        <l><foreign xml:lang="hu">engem, rozsám, ne csalogass,“</foreign></l>
      </quote>

      <p>
        zanôtil som si pošepky, aby ma môj spoludruh nepočul pri pomyslení
        nevyspytateľnej otázky nášho problematického obeda.
      </p>
      <p>
        On nato takže nôtil refrénom, bárs len sám v sebe, aby som ho ani ja
        nepočul:
      </p>

      <quote>
        <l><foreign xml:lang="de">„Die Stunde nalht, wo Busch und Hag</foreign></l>
        <l><foreign xml:lang="de">ertönt vom Nachtigallengesang...““</foreign></l>
      </quote>

      <p>
        Ozaj! Ako čo by skutočne len z ideálnej ľúbosti chcel žiť... Zo spevu sa
        človek nenaje, to je starodávna a všeobecná pravda, a pretože je vše-
        <pb/>obecná, pocítili sme ju i my, a preto prestanúc sami v sebe nôtiť — oba ra-
        zom nejakou netušenou odhodlanosťou nadchnutí, zamierili sme kroky
        do jedného väčšieho, úhľadného, naprostred Detvy ležiaceho stavania,
        vktorom sme vetrili pohostinného majiteľa.
      </p>
      <p>
        Vstúpili sme smelým krokom dnuka - a v tom okamihu cúvali sme
        spiatky.
      </p>
      <p>
        Ocitli sme sa vo veľkej sieni, vystrojenej dlhočiznými tablami a latami
        ošrankovanou kavetrou - vulgo, v krčmovej korhelni.
      </p>
      <p>
        Čo nás k tejto retiráde pohlo, uhádnete každý, komu je známe to po-
        rekadlo: „Bez penčz do jarmoku nelez!“
      </p>
      <p>
        Korhelňa zdala sa prázdnou, mysleli sme teda, že sa nám spätkovanie
        vydarí bez toho, žeby to dakto spozoroval.
      </p>
      <p>
        Ale - človek mieni, pán boh mení.
      </p>
      <p>
        Ružan - ktorý ako merník, nasledovne i staviteľ, skúmal trochu dlh-
        šie, ako to naše uskočenie požadovalo, smelú drevenú klenbu korheľn:
        veslujúc očami po sieni, zbadal niečo, čo ho prikovalo ku krémovej di
        ke sťaby klincom.
      </p>
      <p>
        Ja som už bol preskočil Rubikon, t. j. prah, nasledovne nevidel som nič.
      </p>
      <p>
        „Za mnou sa, Ružan, kým nás nik nebadá!“ súril som ho.
      </p>
      <p>
        „Oh, oh!“ znela jeho odpoveď tak clivo prednesená, že by polomťtve-
        ho bola zvedavosťou naplnila.
      </p>
      <p>
        Pozriem ta dnu a hoci cez zaprášené zelené okuliare - predsa vidím...
        áno, skutočne vidím úkaz a zjav vznášajúci sa v podobe bohyne Héby
        s pivovým pohárom oproti Ružanovi, užasnutému týmto ľúbym výjavom.
      </p>
      <p>
        Teraz som už i ja zastal na prahu dvier ako prikovaný. Fatálna situ-
        ácia! Po slovensky: osudné položenie! Nevdojak pripadol mi na myseľ
        Buridanov osol, nachádzajúci sa v rovnakej vzdialenosti medzi dvoma.
        viazaničkami sena, ktorý pretože sa ani k jednej ani k druhej podľa pra-
        vidla rovnakej príťažlivosti nemohol priblížiť - medzi oboma hladom
        zhynul. Tam pivo kredencované bohyňou - tu prázdny vačok - brrr!
      </p>
      <p>
        Ja som síce stál obdaleč, ale Ružan!...
      </p>
      <p>
        Čo asi on cítil a myslel, to som vtom okamihu poznať nemohol: ale
        ak je pravda, čo mi neskôr prezradil - myslel ion na Buridanovho osla,
        cítili on jeho položenie, lenže potencovaným spôsobom.
      </p>
      <p>
        Našťastie mala detvianska Héba iba jeden pivový pohár v ruke. Pre-
        tože som teda videl, že pri Ružanovom smäde by sa mne sotva dačo.
      </p>
      <p>
        
      </p>
      <p>
        
        <pb/>dostalo, a pretože je závisť, keď je človek smädný a hladný, najväčšia -
        a pretože som verný prívrženec toho porekadla: „Keď nie mne, tak ani
        tebe,“ skočil som medzi oboch, t. j. medzi Ružana a pohár, oboriac sa na
        spoluturistu vyčítavým hlasom takto:
      </p>
      <p>
        „Čo to, Ružan? Zabúdaš, kde sme a čo sme?... Poponáhľaj sa za mnou,
        kým nás nik iný nezbadá! Táto ladoňka nás azda neprezradí nikomu...“
      </p>
      <p>
        Na tieto, ako sám už teraz uznám, trochu nejasné slová vykríkla naša
        bohyňa, spráskla rukami a z nich vypadnuvší pohár sa k nemalému
        nášmu žiaľu roztrieskal na tisíc kusov a my, hoci prestrašení týmto ne-
        čakaným výjavom, viacej sme ľutovali obsah pohára ako sklo.
      </p>
      <p>
        „Oni sú!... Skutočne oni!“ zajasala Héba hlasom netajenej radosti,
        ktorým však i dáka obava povievala, a chytiac nás, zarazených jej nepo-
        chopiteľnými slovami, za ruky, ťahala nás za sebou ako matička študen-
        tov synkov, keď sa jej po dlhom roku zo škôl domov vrátia.
      </p>
      <p>
        „Tá sa zbláznila!“ myslel som si a mráz ma prechodll: cítil som však
        potrebu vyhovoriť sa dáko, i riekol som nahlas:
      </p>
      <p>
        „Azda nás za druhých uznávajú?... My sme...“
      </p>
      <p>
        „Pst! Ani slova ďalej !“ odpovedala ona, položiac mi bielunkú rúčku
        na ústa. „Eh, ja viem, kto ste... a ja vás neprezradím!“
      </p>
      <p>
        „Poručeno bohu!“ pomysleli sme si a pozrúc významne jeden po
        druhom, stúpali sme za ňou.
      </p>
      <p>
        Voviedla nás do jednej ďalšej, utešene vystrojenej chyžky: na prvý po-
        hľad zbadali sme, že je to jej vlastná izbietka, tak milo, nežne, čisto, až
        skvostne vyzeralo všetko.
      </p>
      <p>
        „No, tu sme! Tu nás istotne nik hľadať nebude!“ preriekla striebor-
        ným hlasom, bežala k oblokom, spustila husté, ťažké zádlony, zapálila
        sviečky, a s milým úsmevom pošepnúc: „Do videnia,“ poponáhľala sa
        von, zaríglujúc dvere.
      </p>
      <p>
        „Kde sme?... Čo sa to s nami robí?... Za koho nás drží tá kráska?...
        spytovali sme sa jeden druhého, keď sme sami zostali.
      </p>
      <p>
        „Stano!“ prehovoril merník vážne, „tu na nás čaká nejaké tajomstvo...!“
      </p>
      <p>
        „Mhm! Tajomstvoľ... Verím, ale aké? Nás nik neprenasleduje, iba ak
        hlad a smäd, a hostinská nás istotne drží za prenasledovancov, a preto.
        nás sem skryla,“ odpovedal som, lámajúc si hlavu na príčine nášho za-
        tvorenia.
      </p>
      <p>
        
      </p>
      <p>
        
      </p>
      <p>
        
        <pb/>„Istotne sa s jej vedomím stal dáky zločin...“ mudroval Ružan ďalej.
      </p>
      <p>
        „Ach, s jej vedomím?“ divil som sa.
      </p>
      <p>
        „Pravdu máš! To je nemožné: veď je stelesnený anjel, a vtakkrásnom
        tele diabol nemôže sídliť...“ vyvracal sa sám pán idealista.
      </p>
      <p>
        „Pri tom všetkom zatvorila nás, a bohvie, či nám dakedyi otvorí a my
        tu hladom môžeme pohynúi
      </p>
      <p>
        „Eh! Veď sme nie v Španielsku ani v Paríži v osídlach dákej Messali-
        ny!“ potešoval ma Ružan trochu trasľavým hlasom.
      </p>
      <p>
        „Ale sme v Detve!“ povedal som so strachom, pripomenúc si per as-
        sociationem idearum strašné smrti nešťastníkov, o ktorých nám rozprá-
        vajú Suove a Vidocgove Mystéres du Paris.
      </p>
      <p>
        „Na môj veru! Detvianski chlapci i poza bučky chodia: ktovie, či je
        naša Circe nie snimi v porozumení..?“
      </p>
      <p>
        „Ktovie, či nás sem neprilákala, aby nás, nádejajúc sa množstvu pe-
        ňazí u nás, dala tu nevinne povraždiť, nevinne, hovorím, lebo jednako.
        nemáme ani babky...“
      </p>
      <p>
        Sotva som toto vypovedal, chytili sme oba po jednej sviečke, i dali
        sme sa do vyšetrovania chyžky: pod posteľami, kanapou, v každom kúte
        po celej podlahe hľadali sme skrytých banditov alebo aspoň škvrny krvi
        úplne súc presvedčení, že sme vliezli do detvianskej pasce.
      </p>
      <p>
        Nenašli sme nič, ani za prach podozrivého: pri tom všetkom sa naša
        rozdráždená obrazotvornosť nedala utíšiť.
      </p>
      <p>
        Ponáhľali sme sa k oblokom... Nerozumejúc sa do kolieskového
        ústroja, nevedeli sme ťažké záclony vykrúžiť dohora.
      </p>
      <p>
        Strach a núdza veľký majster!... Ja som vytiahol perorez a nepomys-
        liac, že záclony nie sú moje, spravil som jedným rezom škáru, ktorou sa.
        vonkajšie svetlo valilo k nám dnu oblokom.
      </p>
      <p>
        Oh, oh, na oblokoch boli husté, hrubé mreže!...
      </p>
      <p>
        „Vylámme dvere!“ šepkal som v smrteľných úzkostiach merníkovi.
      </p>
      <p>
        „Hm!“ odpovedal tento s flegmou ľadovou od nepokoja. „Hm! Keď
        jedny vylámeš, zabijú ťa v druhých, bo vieš, žesme jedno päť dvier prešli.“
      </p>
      <p>
        „Teda kričme von oblokom o pomoc...“
      </p>
      <p>
        „V Detve ani ducha, kto ti príde na ratu?“
      </p>
      <p>
        Letel som ku škáre na záclone spravenej, škúlil som von, chtiac vy-
        sliediť niekoho - a skutočne, radosť nad radosťou! V oči moje zablysli
        Žandárske šišaky a bodáky!...
      </p>
      <p>
        
      </p>
      <p>
        
      </p>
      <p>
        
      </p>
      <p>
        
        <pb/>„Žandári idú!“ vykríkol som, sám neviem, akým hlasom, i obrátil
        som sa víťazne k Ružanovi.
      </p>
      <p>
        V tom okamihu otvorili sa i dvere: s usmievavým, lež malý nepokoj
        prezrádzajúcim pohľadom zjavila sa v nich naša Circe... Istotne čula môj
        výkrik, bo za sebou zamkla zdnuka dvere.
      </p>
      <p>
        „Pravda je, žandári idú!... Ale nebojte sa, tu vás nenájde nikto!“ tešila
        nás práve tým, čoho sme sa najväčšmi obávali, totiž, že vykerujeme po-
        zornosť týchto strážcov bezpečia.
      </p>
      <p>
        „Ale, prosím, za koho nás ráčite držať?... My nemáme ničoho, my sme
        chudobní,“ začal sa Ružan vyhovárať: nedopovedal však, už mu skočila
        do reči:
      </p>
      <p>
        „Eh, viem ja to!... Kdeže by ste i nabrali po takej dlhej ceste potreb-
        ných prostriedkov?... Však ste vyhladli, vysmädli?... Úbohí!... Koľko mu-
        síte za nás trpieť!“ štebotala ďalej, i chytila sa prestierať stôl.
      </p>
      <p>
        „Tá sa lebo zbláznila, alebo nás za bláznov má!“ mysleli sme si trochu
        uspokojenejší, vidiac neklamné prípravy k obedu, ktorý sa tuctom tanie-
        rov predzvestoval ako znamenitý.
      </p>
      <p>
        Pri tom všetkom pokúsil som sa ešte ja o jeden spôsob objasnenia
        našej záhadnej situácie - a keď sa to podarí - úteku.
      </p>
      <p>
        „Pani moja!“ začal som lichotiacim hlasom. „Ako vidíte, my sme ces-
        tovatelia, lež - žiaľbohu! - nemáme pasy... a keď nás žandarméria zvetrí,
        nastúpime cestu ta, kam by sme vonkoncom nechceli: či teda máte s nami
        zľutovanie, poprajte nám miesto pohostinstva spôsob k tajnému úteku.“
      </p>
      <p>
        Ona začala uvažovať, myslel som si, už ju máme, už budeme hneď
        bárs ilační, ale predsa na slobode.
      </p>
      <p>
        Miesto odpovede na moju, a ako som to z Ružanových očí videl, i
        jeho prosbu - zaliali ju slzy... „Oh, bože môj!“ šepkala zajakavo. „Vo dne
        nemožno preč, bo čakajú na vás, a keď padnete žandárom do rúk, je celý
        plán prezradený...“
      </p>
      <p>
        „Aký plán, čo za plán?“ spytovali sme sa prestrašene. „Neveríte mi?
        Ja vás poznala hneď: ja viem, že sa strojíte cez hory a doly do Kokavy: že
        tam máte byť ešte tej noci, že tam vás čaká odpočinutie a ďalšia úloha...
        no, či nie je tak?“
      </p>
      <p>
        „Pane bože! Skade tá vie naše najtajnejšie úmysly?!“ ozvalo sa v nás,
        ktorí sme skutočne ešte v Slatine boli uzavreli, že cez Detvu prosto ho-
      </p>
      <p>
        
      </p>
      <p>
        
      </p>
      <p>
        
        <pb/>rami a dolami poponáhľame sa do Kokavy k mojej rodinke, a tam si od-
        počinieme po našich turistických trampotách.
      </p>
      <p>
        Zbadala i ona naše prekvapenie, a akoby ju to zármutkom bolo pohlo,
        že jej azda nedôverujeme, doložila ráznym tónom:
      </p>
      <p>
        „Páni! Nateraz ste v mojich rukách: za vašu bezpečnosť pred našinca-
        mi musím ja ručiť, nasledovne podrobiť sa vám treba mojim poriadkom.
        Ako náhle sa zotmí, dám vám bezpečný sprievod, a vy ste do rána tajm:
        mi cestami istotne v Kokave.“
      </p>
      <p>
        S týmto, nečakajúc našej odvety - ktorá by na jej nepochopiteľné slo-
        vá a plány istotne bola vypadla smiešne, asi tak, ako päsť na oko — po-
        brala sa von, opätovne zamknúc za sebou dvere.
      </p>
      <p>
        Aké asi city nami lomcovali, to rozlúštiť nechávam tomu, ktorý na
        smrť odsúdený stál už pod šibenicou, ale predsa očakával pardon.
      </p>
      <p>
        „Tá sa v nás mýli, ako my v nej!“ ozval sa naostatok Ružan a vrhol sa
        s úplnou rezignáciou na pohovku.
      </p>
      <p>
        „A skadeže vie náš tajný úmysel pobrať sa stadialto prosto do Koka-
        Nech som dobrý!... Tá je istotne veštica!“
      </p>
      <p>
        „Bah, nedbám!... Ale sa jej musí dať, že je pekná, a úprimne vyznajúc,
        neľutujem, že sa tu zabavíme do večera: ba ako vidieť, má i vzdelanie i
      </p>
      <p>
        
      </p>
      <p>
        
      </p>
      <p>
        
      </p>
      <p>
        vy
      </p>
      <p>
        ducha!“
      </p>
      <p>
        „Do večeral... Nuž a či si nečul, že nám dá sprievod, istotne chlapov,
        ktorí nás dakde v Malinských horách skutočne znesú zo sveta...?“ na-
        mietal som Ružanovi, rozdráždený jeho chválou neznámej hostiteľky.
      </p>
      <p>
        „Pletky! Veď si počul, že musí za nás ručiť: nasledovne.
      </p>
      <p>
        „Ručí! Komu ručí?... Vraj našincom! Kto sú tí našinci?“ tak som sa
        rozhorlene dopytoval a bol by som sa i ďalej, keby vtom nebola vkročila
        do chyžky naša už teraz skutočná hostiteľka s misou v rukách, z ktorej
        sa s milou vôňou valila do našich nozdier vonná para chutnej polievky.
      </p>
      <p>
        Pri pohľade na tento utešený zjav umíkol razom i vo mne všetok
        strach a nedôvera.
      </p>
      <p>
        Na nemé, lež milostné jej ponúkanie sadli sme k stolu a oddajúc sa
        chutnému pôžitku polievky, zabudli sme na naše väzenie, na žandárov,
        na útek... ba, bože, odpusť ťažké hriechy! - i na ňu.
      </p>
      <p>
        Ju to ani zamak nemýlilo: ba zdalo sa ju tešiť, že sa tak ticho správa-
        me, čo ináč ani nemohlo byť, bo veď s plnými ústami hovoriť nemožno
      </p>
      <p>
        
        <pb/>— a hladný, keď sa k jedlu dostane, bárs by v akých trapiech bol, predsa.
        vyjasní čelo.
      </p>
      <p>
        Iba keď už misa bola prázdna, pozreli sme hore k nej - lež ona bola
        zmizla.
      </p>
      <p>
        „Oh, ešte dôjde niečo!“ prorokovali sme si, a skutočne došlo a dochá-
        dzalo v podobe mäsa, znamenite a ústrojne garnírovaného „cušpajzu“
        vo vábivom tvare „hajdukáposzty“, hurkami a klobásami ovenčenej,
        múčnika vo forme hadovito pokrútenej hrozienkovej sladkej štrúdle,
        pečienky v utešenom zjave jedného bohato vyšpikovaného asi päťfunto-
        vého kapúna, k tomu cifrované alačkanské víno, ktorého každá kvapka
        — abolo ich na tisíce - sa v nás v rozihranú krv menila, potom ľúbezný
        úsmev hostiteľky, ktorá nemo síce a vždy s potrebnou opaterou zamký-
        nania dvier sa nám čas po čase zjavovala, prinášajúc hore spomínané
        chutne pripravené jedlá...
      </p>
      <p>
        Oh, predstavte si všetko to, a nebude vám divné, že hoci nad nami vi-
        sel Damoklov meč nemožnosti zaplatenia tohto skvostného nezaslúže-
        ného obeda, zabudli sme na strach a na neistotu nášho položenia a roz-
        jarení ohnivým vínkom, upierali sme ľúbou rozžiarené zraky na našu
        milostnú Hébu, ktorej sme nepoznali ani stav, t. j. či je ženou, vdovou,
        a či ešte pannou.
      </p>
      <p>
        Ružan, ako už najedený idealista a majster vkrásnych, vysoko lietajúcich
        slovách, odhodlal sa prvýk nadpradeniu milostného rozhovoru v tom mo-
        mente, keď nás opravdivou mokkou a „importiert“ cigarami ponúkla.
      </p>
      <p>
        „Milosťpani!“ začal hrkútajúcim ako holub hlasom a s tak ľúbostným
        výrazom tváre, že som podobný na ňom ani predtým, ani zatým nezna-
        menal. „Milostpani, vaša pohostinnosť je taká veľká, že prevyšuje všetky
        bájky o podobnej cnosti Arabov a druhých východných národov: dôka-
        zom je toho, že sa táto cnosť na našom krásnom Slovensku v najväčších,
        doteraz netušených rozmeroch zjavuje.“
      </p>
      <p>
        „Nech povedia v Uhorsku!“ zamiešala sa ona.
      </p>
      <p>
        „Kde cena, kde poklady, ktoré by sme vašej milosti za túto pohostin-
        nosťk nohám položiť mohl...?“ pokračoval ďalej Ružan, nedajúc sa kon-
        fundovať. „Oh, nech ráči milosťpani prijať najvrúcnejšie vďaky oboch.“
      </p>
      <p>
        „Tichšie, prosím, lebo vás žandári počujú!“ zvolala ona a ako prestra-
        šená srnka ponáhľala sa ku dverám a tam ešte zahrozením ruky dajúc
        váhu svojim výstražným slovám zmizla a nás opäť zamkla.
      </p>
      <p>
        
      </p>
      <p>
        
        <pb/>Nevracala sa dlho: vo mne, bárs som bol hojným užitím vína a mok-
        ky rozbujarený, povstávali nové pochybnosti a rozmýšľal som, že by te-
        raz, keď sme sa najedli a napili, najlepšie bolo vzdor všetkým svetským
        žandárom a Hébam, nečakajúc večera a slúbeného sprievodu - pekným
        spôsobom sa odpratať.
      </p>
      <p>
        Ružan v blahom pokoji odfukoval dym „import“ cigary a zdal sa blú-
        diť v krajoch ním spomenutej Arábie v šiatroch pohostinných beduínov
        vkole rajských odalisiek...
      </p>
      <p>
        „Ale ako zaplatíme?“ pretrhol som dosť prozaicky tok jeho rozihranej
        obrazotvornosti - a nemýliac sa jeho zazrením, doložil som: „A ako sa
        dostaneme von...?“
      </p>
      <p>
        
      </p>
      <p>
        Z letov svojich do skutočnosti nášho položenia zronený merník ob-
        daril ma takým pohľadom ako tiger, keď ho guľa neskúseného strelca
        strašne poraní, opovržlivo sa usmial a viac sebe ako mne s emfázou od-
        povedal:
      </p>
      <p>
        „Zaplatiť?! Neubližujme pomyslením na to anjelovi, ktorý Habakuka
        sýtil a ktorý sa nám v podobe našej hostiteľky nie v Starom zákone, lež
        v mladistvom rúchu skutočnosti zjavil... ktorý uhádol, nielen čo chceme,
        leži čo myslíme... ktorý...“ bol by Ružan blúznil ďalej, keby mu príchod
        nášho, ako teraz uznám, skutočného anjela nebol pretrhol niť jeho roz-
        vlnenej obrazotvornosti.
      </p>
      <p>
        „Chvalabohu, už som i tých opatrila! Ani v myšlienke nemajú, že by
      </p>
      <p>
        vy, páni, vich susedstve boli... len prosím vás, ticho, kým sa neodpra-
        cú alebo nepospia, bo som im tým najtuhším vínom poslúžila...“ potešo-
        vala nás veselým rozmarom i sadla si k nám na pohovku.
      </p>
      <p>
        „Koho, prosím, koho ste ráčili opatriť?“ dopytoval som sa vzdor mer-
        níkovým žmurkaniam.
      </p>
      <p>
        „Koho?... Nuž veď viete, vašich prenasledovateľov - žandárov!“ odpo-
        vedala trochu zmätená mojou nečakanou otázkou.
      </p>
      <p>
        „Tak či nás prenasledujú? Prečo?! Veď sme my nikomu nič neurobi-
        li...“ dotieral som ďalej.
      </p>
      <p>
        „Oj, páni, ako sa mi zdá, vy doteraz nemáte ku mne dôvery, akoby ja
        nevedela cieľ vašej púte, akoby vás ja zradiť mohla!... Ja, čo som horlivá.
        vlastenka...!“
      </p>
      <p>
        
      </p>
      <p>
        
      </p>
      <p>
        Ružanovi začalo svitať, aspoň sa mi tým neskôr chválil: no ja som jej
        nerozumd.
        <pb/>„Áno, páni, nebojte sa zrady!“ pokračovala ďalej tak presvedčivo, že
        som jej uveril, čo i nechápal som, aký náš skutok by mohla pomstiť zra-
        da. „Na otázky žandárov, ktorí sú o vašej ceste poučení, odsekla som, že
        vás tu niet, že vás tu nebolo, že vám podobných ľudí nikdy som nevidela
        a nepoznám... Šťastie, že ma o vašom príchode môj manžel z Prešporka
      </p>
      <p>
        
      </p>
      <p>
        skôr upovedomil, inak sama neviem, čo by sa bolo stalo!“
      </p>
      <p>
        
      </p>
      <p>
        „Oh, anjel drahý! Akože sa vám za vašu dobrotu odslúžime?“ vykríkol
        nadšenosťou ľuby rozčúlený Ružan, bárs sám nechápal dočista jej slová:
        i klonil sa jej - nie k nohám, ako som sa skutočne nazdal - lež k bielej
        rúčke, i pritisol na ňu tak vrelý bozk, že i moje srdce, keď nie súcitom,
        teda závisťou splápolalo.
      </p>
      <p>
        Nebožiatko hostinská zapálila sa ako pivónia, keď sa jej puk rozvinie:
        lichotivé a sladké slová Ružanove zdali sa jej milé: hoci myslím, že keď
        sa vlastne dozvie, kto sme my, a že nie sme tí, ktorých jej manžel z Pre-
        šporka pripovedal, ukáže nám vnady a črty, aké sme v jej krásnej tvári
        ani netušili.
      </p>
      <p>
        Povstala v roztomilých rozpakoch: mysleli sme, že nás opäť chce ne-
        chať, a ja som ju znovu mienil osloviť, aby nás už spánombohom vzdor
        všetkým žandárom prepustila - keď vzala na posteli ležiacu gitaru do
        rúk, preludovala chvíľku, až smutným, nadmier pôvabným tónom za-
        čala spievať:
      </p>

      <p>
        <quote>
          <l><foreign xml:lang="hu">„Vissza, vissza szép hazám óledbe,</foreign></l>
          <l><foreign xml:lang="hu">hutlenulén el nem hagytalak“</foreign></l>
        </quote> atď.
      </p>

      <p>
        Trúchlivý a v zvučnej reči maďarskej dojímavo prednesený spev nás,
        mocným vínom rozohriatych, opätovne pomútil. Smútočný výraz jej
        tváre, hlboký žiaľ v modrých očkách utkvený, tá piesňou povievajúca
        bôľna túha nešťastného poľského vyhnanca po milej domovine, naše
        záhadné položenie, slovom, celá scéna vo dne v tajnej izbietke šumnej
        krásavice millysviecami ožiarená budila v nás city - v Ružanovi, ako mi
        potom vyznal, netušenej ľubosladi, vo mne... ach, vo mne sám neviem
        — čoho...
      </p>
      <p>
        Dokončiac spev, podala gitaru Ružanovi, ako čo by s istotou bola ve-
        dela, že je on na tom dosť tupo znejúcom nástroji majstrom...
        <pb/>On, rozčúlený jej milostne prosebným pohľadom, nedal sa dlho nú-
        kať, spravil hybkými prstami pár akordov, i začal svojím hlbokým bary-
        tónom sprevádzať hudbu:
      </p>

      <p>
        <quote>
          <l><foreign xml:lang="pl">„Ginie ojezyzna, juž na przepašé leci,</foreign></l>
          <l><foreign xml:lang="pl">žegna vas maci ukochane dzeci:</foreign></l>
          <l><foreign xml:lang="pl">próžna nadzicie i pochlebne mysli,</foreign></l>
          <l><foreign xml:lang="pl">na což šmy teraz my Sarmaci vyszli“</foreign></l>
        </quote> atď
      </p>

      <p>
        „Tí si skutočne porozumeli!“ pomyslel som si, vidiac, s akou nadšenos-
        ťou načúva naša hostiteľka zvučnému hlasu a spevu môjho spoludruha,
        ako túžobne sleduje zúfalé slová piesne, ako sa perlia jej tvárou slzy:
        a aby som do zblúznenia i sám nepadol, poponáhlajúc sa k obloku, po-
        zeral som škárou záclony von na biely deň - ba čo hovorím! — na zlaté
        pruhy zapadajúceho slnka, vktorých saligotali šišaky a bodáky neistým
        krokom odchádzajúcich žandárov.
      </p>
      <p>
        Mal som vôľu na nich, t.j. na žandárov kričať - vtom ma však potrhol
        dakto, a ja rýchlo sa obrátiac, vidím pred sebou stáť našu — Hébu.
      </p>
      <p>
        „Ha, čo to? Diera na záclone?“ zvolala prestrašene, vidiac, ako sa ňou
        vkráda do izbietky ostatná žiara slnka.
      </p>
      <p>
        „Oh, prosím!“ začal som sa vyhovárať.
      </p>
      <p>
        „No, svetlo sviec snáď nik nespozoroval, tým menej vás!“ uspokojo-
        vala sa, a kuknúc von škárou, zvolala:
      </p>
      <p>
        „Ah, predsa už odchádzajú, a to domov, cestou ku Zvolenu. Páni, už
        ste skutočne v bezpečí!“
      </p>
      <p>
        Stým sa zvrtla, tleskla rúčkami a ponáhľala sa preč, zabudnúc vsvojej
        radosti i dvere za sebou zamknúť.
      </p>
      <p>
        
      </p>
      <p>
        „No, braček, tu je čas k úteku! Dvere sú otvorené, teraz sa môžeme
      </p>
      <p>
        ľahko von vykradnúť...“ prihováral som sa k zadivenému Ružanovi.
        „Ujsť! Bez poklony ujsť...!“ vetil opovržlivo. „Neviem, ako tá chabá
      </p>
      <p>
        myšlienka môže v tebe povstať.“
      </p>
      <p>
        „Ale preboha! Akože jej zaplat
        dinky tu nechať nemám vôlu...“
      </p>
      <p>
        „Zadrž si ich... keďbude treba, zaplatí môj - prsteň!“ odsekol mi a ob-
        rátil sa ku mne chrbtom.
      </p>
      <p>
        
      </p>
      <p>
        
      </p>
      <p>
        
      </p>
      <p>
        Ja moje strieborné cylindrové ho-
        <pb/>„Jeho prsteň?“ dumal som sám v sebe. „Iba až sa skutočne s ňou od-
        dávať chce: ale veď je to nemožné, veď ona má muža, čo je nateraz priam
        v Prešporku.“
      </p>
      <p>
        Už, už som sa odhodlal, že ho tam nechám v zálohu a sám vybíd-
        nem z pasce, už som dvere otváral, chtiac mu len stamvon privolať „zbo-
        hom!“ - keď sa tieto rozlietli a dnu vstúpil - jeden siahu vysoký Detvan
        s veľkým posekáňom v ruke a náramným cedidlom na boku, z ktorého
        sa fafrnce až dolu na zem opálali.
      </p>
      <p>
        „Zaplatíme už za obed!“ zhomzral som predesený a reteríroval som
        spiatky k taktiež zarazenému Ružanovi.
      </p>
      <p>
        Ten sa vokamihu stolom zabarikádoval a ja chytil stolec, že pri útoku
        chlapiska ním ovalím.
      </p>
      <p>
        „Pán boh daj šťastie. Tak toto sú tí páni
        hlasom Detvan.
      </p>
      <p>
        „Áno, Fedor!“ zaznel za ním anjelský hlas našej hostiteľky, v ktorom
        sa mi však dačo diabolsky zvučiaceho zdalo.
      </p>
      <p>
        „No, teraz nás ovalí!“ mysleli sme oba. „Už nás zradila, ako Judáš
        Krista Pána!“
      </p>
      <p>
        Márne strachy. Detvan úctivo vzal dolu žltými klincami vybíjaný ve-
        likánsky širák a zastal pokorne pri dverách.
      </p>
      <p>
        1 my sme sa zahanbene chytro postavili do predošlej situácie: hovo-
        rím zahanbene, lebo krásne očká pani hostinskej spýtavo, akoby zadive-
        ne po nás pozerali.
      </p>
      <p>
        „Oh, akí tu ohromní chlapi!“ začal som dosť nevhodne zahovárať
        našu bázeň, ktorú ona istotne spozorovala.
      </p>
      <p>
        „Ako jedle! usmiala sa ona. „Ale verní, poctiví a zmužilí, na ktorých
        sa možno bezpečne spoľahnúť, však, Fedor?“
      </p>
      <p>
        Fedor pokýval hlavou, zabručal dačo a meral nás od hlavy až do päty.
      </p>
      <p>
        „Páni, už sa zmrklo... teda tu čas vášho odchodu. - Fedor vás tajnými
        cestami cez noc odprevadí do Kokavy: zverte sa mu bezpečne a prijmite
        moje vďaky za drahú návštevu vašu: upovedomte po šťastnom návrate
        svojich vysielateľov, že i medzi našimi vrchmi vrelé srdcia za ich ciele
        bijú!“ lúčila sa s nami a slzy jej hrali v očiach.
      </p>
      <p>
        Sotva som svojim ušiam veril, vidiac, že nás skutočne prepúšťa: ale
        ten chlap, ten posekáň, tie tajné cesty, hory, doly, tá čierna noc - to ma
        všetko ešte konfundovalo.
      </p>
      <p>
        
      </p>
      <p>
        ..?“ prihováral sa ohromným
      </p>
      <p>
        
      </p>
      <p>
        
      </p>
      <p>
        
        <pb/> 
      </p>
      <p>
        Nie tak Ružana! Pristúpil k nej, pobozkal znovu jej bielunkú rúčku,
        sňal zo svojho malíčka obrúčku - a s hlasom tak divým, že som vňom.
        dačo podobného ani netušil, podal jej ju s týmito slovami:
      </p>
      <p>
        „Milosťpani! Od chudobných nateraz cestovateľov prijmite tento ma-
        ličký znak našej vďaky na pamiatku: bo keď ste sa v nás azda i zmýllli,
        uhostili ste takých ľudí, ktorí vašu milosť navždy budú spomínať s vďač-
        ným srdcom!“
      </p>
      <p>
        Ona sa rozslzila, prijala dar, skryjúc ho za labutie ňadrá, ukázala
        nemo k dverám, vrhla sa stukajúc na pohovku - a my poberali sme sa.
        von za naším sprievodcom do pustej tmavej noci...
      </p>
      <p>
        „No, len keď sme na slobode,“ vydýchol som si sťažka, poberajúc sa
        krásnym májovým večerom za Ružanom, ktorému som vďačne prepus-
        til prednosť stúpať za Detvanom. Hlavou sa mi zmietali všakové myš
        lienky, nie inak ako v hrnci, v ktorom krúpy, zemiaky, petruška, mäso.
        a čo ja viem čo jedno s druhým vrie a brbloce. „To bolo dobrodružstvo!“
        premietal som. „Takého azda už nedožijem... Ozaj, či je už pri konci?...
        Ktovie, či sa tragicky neukončí?.
        tá noc...“
      </p>
      <p>
        Všetko ma to trápilo, z druhej strany zase tá utešená hostiteľka, ten
        skvostný obed, to výborné víno, tie opravdivé havanky - nie, nie, ne-
        možno, že by všetko to bol len medový motúz alebo lep, na ktorý sme
        sadli. „Za koho nás asi držala?“ šepkal som polohlasom predo mnou
        strmo kráčajúcemu Ružanovi. Ale ten neodpovedal nič ani na opätovný
        príhovor a stúpal za Detvanom ďalej. „Čo mu asi môže byť? Či sa ne-
        bojí?... ale nie! Bo veď je sprievodcovi za pätami, bárs ten kráča ako už
        raz spomenutý Peter Schlemihl... Či sa skutočne do detvianskej Héby
        zalúbil?... Ach, možno! Veď jej daroval, a to i v mojom mene, obri
        furták! Akoby nevedel, že som ja už zasnúbený... Oh, aká radosť žiarila.
        mu z očí, keď videl, že ten zlatý prstienok za ňadrá si kladie! Ba zdalo:
        sa mi, že na jej slzy ion odpovedal so zarosenými očami, bo veď sa mu.
        tak blyšťali ako krištál, keďho voda skúpe... No, veď si pochodil, Ružan!
        Našiel si už raz svoj ideál... Ale čože, keď zostane zas len ideálom?! Bo.
        veď je vydatá, bo veď je jej muž v Prešporku síce, ale sa istotne čím skôr.
        domov vráti...“
      </p>
      <p>
        
      </p>
      <p>
        
      </p>
      <p>
        „Eh, ten Detvan, ten posekáň, tie hory,
      </p>
      <p>
        
      </p>
      <p>
        
        
      </p>
      <p>
        
        <pb/>Všetko sa mi to nieslo hlavou bez ladu a skladu a navrch myšlienok
        sa naveky dostala tá otázka, za koho nás držal ten utešený anjel... Už sme
        asi tri hodiny stúpali nemo cez hory a doly, cez poľany salašmi Detva-
        nov ovenčené: dostali sme sa už navrch k dákej v hore ležiacej dedinke.
        Ukonanýi myslením i púťou, privolal som Fedorovi, aby zastal, bo ďalej
        Ísť nevládzem.
      </p>
      <p>
        „A veru dobre bude, páni! Zíde sa i vám dačo si zahryznúť: pani hos-
        tinská naplnila plné cedidlo pečienkou, koláčmi a pár sklenkami vína,
        pôjdeme dnu ku Výbiniakovi, však vás ten neprezradí.“
      </p>
      <p>
        Pri tejto zvesti moje srdce zaplesalo.
      </p>
      <p>
        „Ako sa volá táto dedina, Fedor?“ dopytoval som sa ho.
      </p>
      <p>
        „Nuž, Látky!“
      </p>
      <p>
        „Látky?! Či tu nie blízko huta - a nebýva tam pán Tverdý?“
      </p>
      <p>
        „Eh, ba blízko je, na jedno strelenie...“
      </p>
      <p>
        „No, odprevaďte nás ta, to je môj dobrý známy.“
      </p>
      <p>
        »„Ako?... Však je to z Čiech a Nemec! A chodia k nemu žandári a fi-
      </p>
      <p>
        
      </p>
      <p>
        nanci.
      </p>
      <p>
        „No, nech je on i Turek! Dosť na tom, mne je známy, a ja nevládzem
        ďalej.“
      </p>
      <p>
        „Ako sa vám páči, pánko môj! Lenže mi je od pani hostinskej priká-
        zané zastaviť sa radšej u Výbiniaka.“
      </p>
      <p>
        Ružan sa do tohto rozhovoru nezamiešal: zdalo sa, že ho ani nezaují-
        ma, mlčal a stúpal ako námesačník.
      </p>
      <p>
        O pár minút ocitli sme sa pri huti.
      </p>
      <p>
        „No, Fedorko, tu sme už! Ani vás ďalej ustávať nebudeme, prenocujte
        u vášho Víbiniaka a zavečerajte si z toho, čo pani hostinská pre nás pri-
        chystala, bo veď my u pána Tverdého dostaneme večeru...“ vravel som
        sprievodcovi.
      </p>
      <p>
        „Ej, bisťubohu, bolo by to!“ odpovedal on. „Však musím s vami až na
        Kokavu, zaplatila mi pani hostinská cestu napredok, a pre mňa je oso-
        bitná večera v cedidle.“
      </p>
      <p>
        „Ale ja už znám stadialto do Kokavy cestu, a my neprídeme, len ráno,
        nebojíme sa nikoho: čo by ste sa s nami ustávali?“
      </p>
      <p>
        „Nuž, ako chcete, lenže v cedidle je i písmo, čo mi pani hostinská
        dala, aby vám ho v Kokave doručil.“
        <pb/>„I písmo?“ zamiešal sa naostatok Ružan.
      </p>
      <p>
        „No, Stano, poďme len dnu i s Fedorom k Tverdému: zvedavý som, čo
        nám asi tá duša môže písať — ba zdá sa mi, že to rozlúšti záhadu nášho
        prijatia u nej.“
      </p>
      <p>
        Vstúpili sme dnu... Tverdý, nemálo zadivený a prekvapený naším ne-
        čakaným príchodom, privítal nás s radosťou.
      </p>
      <p>
        „Kdeže sa tu beriete, ľudkovia, kde niet ani vtáčka ani letáčka, tým
        menej náhlej večere o polnoci?!“ prihováral sa a chytal nám ruky.
      </p>
      <p>
        Pozreli sme na hodiny - bolo už po jedenástej.
      </p>
      <p>
        „Za večeru sa nestaraj, len sme si tu! A takí turisti, ako my, nosíme so
        sebou večeru: hej, Fedor, dnu že to cedidlo!“
      </p>
      <p>
        Fedor poslúchol, vyňal z cedidla jeden batôžtek a pár butelí vína,
        nedôverčivo veslujúc očami po chyži: ale naostatok sa premohol, roz-
        viazal najsamprv uzol na serviete, vyňal z neho list a podal ho tak ob-
        ratne Ružanovi, že celý manéver jeho Tverdý ani nespozoroval. Merník
        sa ponáhlal so svojou korisťou do bočnej chyže a ja bárs ma tiež zveda-
        vosť trápila - dal som sa do vykladania ďalšieho obsahu serviety. Naj-
        samprv vykukli dve vyprážané kurence, potom jeden klenovský syrec,
        dva snehobiele koláčiky a naostatok jeden balík fajných havanských
        cigár.
      </p>
      <p>
        „Vidíš, bratku, že sme dobre zaopatrení
        mu. „A to víno! Okús ho len, to je za nápoj!“
      </p>
      <p>
        „Hm, veď je to najvýbornejšia tokajčina! Kdeže ste ju vypriadli? No,
        bude dobrá potom, keď sa z môjho drapáku napijeme!“ odpovedal on,
        keď bol okúsil obsah fľašiek.
      </p>
      <p>
        Ja som sa tiež chcel presvedčiť, či nám naša Héba na cestu vskutku
        tokajčinou poslúžila, i chytal som sa fľašky.
      </p>
      <p>
        Vtom však otvoril Ružan na bočnej chyži dvere, kývol mi a ja, vidiac
        ho celkom zblednutého, ponáhľal som sa k nemu.
      </p>
      <p>
        „Čo sa ti stalo, človeče? Veď tak vyzeráš, ako z hrobu!“
      </p>
      <p>
        „Čítaj !“ zašepkal trasľavým hlasom a zatvoril za sebou dvere. Podal
        mi list a ukázal na stôl, na ktorom sa prestierala jedna päťdesiatzlatová.
        »„Reichsschatzscheinka“.
      </p>
      <p>
        „Čože je to? Veď sú to azda Tverdého peniaze?“
      </p>
      <p>
        „No len čítaj, v liste nájdeš vysvetlenie!“
      </p>
      <p>
        !“ prihováral som sa Tverdé-
        <pb/> 
      </p>
      <p>
        Poslúchol som ho, a k nemalému prekvapeniu a úžasu čítal som na-
        sledovné:
      </p>
      <p>
        Páni drahí!
      </p>
      <p>
        Viem, kto ste: viem, že ste B. a M., emigranti a emisári z Londýna.
        Môj manžel vás popredku u mňa pripovedal - pán boh sprevádzaj pre
        blaho nešťastnej našej vlasti Vaše kroky - nech Vás chráni každá dobrá
        duša aspoň tak, ako som sa ja o to s prospechom pokúsila: prijmite pri-
        pojenú maličkú obeť, ktorú kladie na oltár vlasti jej verná dcéra.
      </p>
      <p>
        Marina
      </p>
      <p>
        P.S. Lístok môj ráčte spáliť: nie pre moju, lež pre Vašu bezpečnosť!
      </p>
      <p>
        Ako čo by z jasného neba hrom bol do mňa uderil, tak zatriasol mojimi
        citmi tento kratučký list. Záhada bola teda rozlúštená... Nebožiatko! Tá
        duša zlatá nás za emisárov držala... „Oh, nezhynie pod cudzím nátlakom
        naša vlasť, ktorá také dcéry chová!“ myslel som si a obdivoval to hrdin-
        ské žieňa, ktoré sa za nás, nepoznaných cudzincov, do nebezpečenstva
        vydalo.
      </p>
      <p>
        „Či si už prečítal?“ dopytoval sa Ružan.
      </p>
      <p>
        „Už - to je divné dobrodružstvo!“
      </p>
      <p>
        „Čo teraz robiť?... Toho anjela vtom blude nechať nemôžeme.“
      </p>
      <p>
        „Čo robiť?... Nuž najskôr spálime list...“
      </p>
      <p>
        „Toneurob!... To je môj najväčší poklad, ktorýsi odložímna pamiatku,“
        zvolal Ružan.
      </p>
      <p>
        Ale už bolo neskoro: lístok už blkotal - a ja som merníkoví odovzdal
        na pamiatku jeho popol, ktorý snáď teraz pri sebe ako dáky talizman nosí.
      </p>
      <p>
        „A s peniazmi čo?“ spytoval sa ďalej skormúteným hlasom, keď videl,
        že nádeja vládnuť literami jej rúčkou písanými je zmarená. „Tie vonkon-
        com prijať nemôžeme...“
      </p>
      <p>
        „Pravdaže nie! Najmúdrejšie bude, keď jej odpíšešlist, vysvetľujúci jej
        mýlku a našu nevinnosť: k listu pripojíš „Reichsschatzscheinku a pošleš
        ju po Fedorovi spiatky.“
      </p>
      <p>
        „Tak je to je najlepšia myšlienka!“ odpovedal on a chytal sa hneď pa-
        piera a pera.
      </p>
      <p>
        
      </p>
      <p>
        
      </p>
      <p>
        
        <pb/>„Nech len miesto výhovoriek nebude ľubojavba,“ privolal som mu
        a ponáhľal sa k Tverdému, zadivenému nad naším tajnostkárstvom.
      </p>
      <p>
        Fedora už v chyži nebolo - bežal som von, volal za ním: ale ten sa
        bol pobral preč bez odporúčania sa nám, bez čakania prepitného istotne
        návodom milostnej hostiteľky, sklamanej v našich osobách.
      </p>
      <p>
        Oznámil som to Ružanovi, ktorý sa síce trochu zarazil, lež len ďalej
        písal, písal dlho, potrhajúc azda i päť listov, ktorých koncepty sa mu ne-
        páčili, takže my, v očakávaní jeho príchodu, chytili sme sa sami s Tver-
        dým k chutnej večeri a jedli a pili i za neho, ktorý sa istotne slovami ľúby
        sýtil.
      </p>
      <p>
        Bolo už okolo tretej k ránu, keď sa nám už čakajúcim pán merník
        zjavil — a pristúpiac k Tverdému, oslovil ho vážne:
      </p>
      <p>
        „Kedy pôjdeš do Detvy, priateľu?“
      </p>
      <p>
        „Tuším napozajtre...“
      </p>
      <p>
        »„Zaviažeš sa mi statočnosťou svojou, že tento list hostinskej samej do.
        jej vlastných rúk oddáš?“
      </p>
      <p>
        „Oh, vďačne! Prečo by nie! To je znamenitá duša: čo — azda si sa prí-
      </p>
      <p>
        2.
      </p>
      <p>
        
      </p>
      <p>
        lišne na ňu zahľadel
        Ružan sa smutne usmial.
        Ja uctil som jeho bôl, nedopytoval som sa ani vtedy, ani potom na
      </p>
      <p>
        
      </p>
      <p>
        obsah toho listu, ktorý Tverdý prijal, že ho osobne doručí. Na druhý deň
        okolo poludnia boli sme už v Kokave.
      </p>
      <p>
        Dávno som nemal takú nudnú cestu, ako od Látok až ta... Viete prečo?
      </p>
      <p>
        Lebo som sa cítil osamotený: môj súdruh celou cestou nepreriekol
        ani slova, stúpal zadumaný, zamyslený, ako opravdivý automat.
      </p>
      <p>
        VB., v mojom domove, sme sa rozlúčili.
      </p>
      <p>
        „Stano,“ hovoril mi vážne, „o našom detvianskom dobrodružstve
        najmenej za desať rokov ani slova!... Či ma rozumieš?“ A ja som ho dob-
        re rozumel: lebo neminulo pár týždňov, čítal som v novinách, že chytili
        dvoch emisárov, istého B. a M., ktorých ani doteraz neviem, čo sa s nimi
        potom stalo...
      </p>
      <p>
        Neboráci! Miesto nich užili sme my, hoci bez vlastného pričinenia,
        jednou horlivou vlastenkou pripravenú pohostinnosť.
      </p>
      <p>
        Odvtedy minulo nie desať, lež až pätnásť rokov. Doby, vktorých bolo
        treba emisárov, už sa zmenili - k prospechu drahej vlasti. Bože, daj, aby
      </p>
      <p>
        
        <pb/>sa pre Žiaden národ Uhorska nikdy viacej nevrátili! Ja by som aspoň
        nerád znovu nastúpiť také námestníctvo — bárs sa mi pri prvom dobre
        vodilo.
      </p>
      <p>
        Ružan doteraz skrýva svoje tajomstvo v ňadrách: no ja s ním vystupu-
        jem na svetlo, aspoň pre rozpomienku na tie neblahé časy... Niektorí sa
        zasmejú: niektorým útlocitnejším zahrá slza v očiach: druhí pocítia i to,
        i to - veď naše dobrodružstvo bolo skutočne tragikomédia!...
      </p>
      <p>
        A naša krásna pohostinná Héba, či žije dosiaľ? Daj to, bože! No daj
        ýň a vlasteniek!
      </p>
      <p>
        
      </p>
      <p>
        tisíce jej podobných horlivých národov!
      </p>
      <p>
        
        <pb/></p>
    </body>
  </text>
</TEI>
