<TEI xmlns="http://www.tei-c.org/ns/1.0" xmlns:tei="http://www.tei-c.org/ns/1.0" xmlns:eltec="http://distantreading.net/eltec/ns" xml:lang="slo" xml:id="SLK2012723">
  <teiHeader>
    <fileDesc>
      <titleStmt>
        <title ref="ISBN:978-80-8101-278-5">Na parolodi a železnici : ELTeC edícia
        </title>
        <author ref="viaf:8188529">Banšell, Koloman (1850-1887)</author>
        <respStmt>
          <resp>editor</resp>
          <name>Marek Vician</name>
        </respStmt>
      </titleStmt>
      <extent>
        <measure unit="words">4724</measure>
      </extent>
      <publicationStmt>
        <p/>
      </publicationStmt>
      <sourceDesc>
        <bibl type="printSource">
          <author ref="viaf:8188529">Banšell, Koloman (1850-1887)</author>
          <title ref="ISBN:978-80-8101-278-5">Na parolodi a železnici</title>
          <pubPlace>Bratislava</pubPlace>
          <publisher>Kalligram</publisher>
          <date>2012</date>
        </bibl>
      </sourceDesc>
    </fileDesc>
    <encodingDesc n="eltec-1">
      <p/>
    </encodingDesc>
    <profileDesc>
      <langUsage>
        <language ident="sk"/>
      </langUsage>
      <textDesc>
        <eltec:authorGender key="M"/>
        <eltec:size key="short"/>
        <eltec:canonicity key="unspecified"/>
        <eltec:timeSlot key="T2"/>
      </textDesc>
    </profileDesc>
    <revisionDesc>
      <change when="2023-12-23">
        Initially created as an ELTeC file
      </change>
    </revisionDesc>
  </teiHeader>
  <text>
    <front>
      <div type="titlepage">
        <head>NA PAROLODI A ŽELEZNICI</head>
        <head>Fejtón</head>
      </div>
    </front>
    <body>
      <p>
        Slávny vynálezca pary, to jest, prosím za láskavé odpustenie, chcel som.
        riecť: slávny vynálezca toho slávneho tajomstva, ktoré neznala vynájsť
        za tisíc rokov „múdra“ koruna ľudstva, totiž jeho milosť pán človek, na-
        priek tomu, že mávala paru každý deň niekolko razy pod nosom, a ktoré
        tajomstvo nezáležalo v inom, leda v cieľuprimeranom upotrebení toho.
        plynového, od nepamäti dobre známeho divu (pary)... slávny vynálezca.
        toho slávneho tajomstva by sa sotva bol domnieval, že si svojím vynále-
        zom, pre celé človečenstvo veľadôležitým, urobí niektorých ľudí - zaťa-
        tými nepriateľmi.
      </p>
      <p>
        (I za túto náročky rozvláčnu vetu, ktorá m:
        hu, akým sa písať nemá, prosím ctené čitateľ
        Spolu sľubujem, že budem písať tento svoj cestopisný úryvok vo vetách
        čo možno najkratších, lebo sa to lepšie číta než také veci, čo sú rozvlá-
        čené v míľodlhých periódach, v ktorých útly rozum ľudský obyčajne
        tak poblúdi ako odsúdenec v labyrinte. Nie je veru taký šťastný každý
        smrteľník, čo noviny čítava, žeby sa pri čítaní akejkoľvek čarbaniny stá-
        val účastným zvláštnej grácie Ariadninej, to jest toho klbka [trpezli-
        vosti], pomocou ktorého možno vyjsť na svetlo z labyrintu míľodlhých
        periód.)
      </p>
      <p>
        Teda to som chcel povedať na začiatku týchto riadkov, že je vynálezca
        pary, parolodí a železničných rušňov v nenávisti u mnohých ľudí, patria-
        cich do spoločnosti - spisovateľov.
      </p>
      <p>
        Zakej príčiny? - opýta sa udivený čitateľ.
      </p>
      <p>
        
      </p>
      <p>
        ť za vzor takého slo-
        vo o láskavé prepáčenie.
      </p>
      <p>
        
      </p>
      <p>
        
        <pb/>A ja na to: len z tej príčiny, lebo pole zaujímavých cestopisov sa vo
        velkej miere zúžilo od tých čias, čo cestovať možno na železnici alebo
        parolodi. Keď si predtým išiel do susednej dediny, nazbieral si toľko za-
        ujímavej látky k cestopisom, že si mal za celé mesiace o čom písať. Teraz
        precestuješ stolicu za stolicou, krajinu za krajinou a, ó, krvavá pomsta.
        osudu! nemáš zo svojho cestovania ani toľko úžitku, žeby si niekoľko:
        zaujímavých riadkov mohol napísať o svojich skúsenostiach. Keď slávny
        Kollár cestoval asi pred štyridsiatimi rokmi po Taliansku, bolo mu vtedy
        veľmi ľahko zostaviť štvorzväzkový cestopis. Ale teraz? Precestuj Euró -
        pu, Áziu, Afriku, Ameriku a Austráliu radom, a čo si hneď od Kollára
        deväťstodeväťdesiatdevätkrát geniálnejším spisovateľom, sotva budeš
        vstave o svojej ceste napísať štvorstránkový zaujímavý obrázok. Tak sa
        časy menia, tak tento svet beží!
      </p>
      <p>
        A k tomu povážiť treba ešte jednu spisovateľskú kalamitu - nešťastné
        baedekre. Baedecker napísal zväzky o pamätnostiach celého sveta, vsvo-
        jich dielach ti aj o tom správu podá, koľko máš platiť v ktorom hostinci
        prepitného, za čo ti kde očistia topánky a o podobných pamätnostiach....
        Odalfy do omegy máš v baedekri hotový cestopis, a to vktoromkoľvek
        smere, všetko jedno, či sa pohneš z Talianska cez Alpy do Švajčiarska a či
        z Brdárky na Gorlicu.
      </p>
      <p>
        Za takýchto okolností má spisovateľ, čo chce o zaujímavých veciach
        písať cestopisy, ozaj nepríjemné postavenie. Keď si sadne na železnicu, tá.
        letí s ním sťaby so šarkanmi o závod a synovi panenských múz dopraje
        možno najkratší pohľad na krásu rozkošných krajov, takže tieto uletia
        útekom klamlivého sna (alebo rakúskej bankovky) pred jeho zrakom
        bez toho, žeby mu v duchu len tôňu tých pôžitkov boli zanechali, kto-
        ré počas pokojného dlhšieho skúmania z ich lona prýštievajú. Potom
        zase, keď sa peknoduchého cestovateľa začína zmocňovať bojazlivosť, že
        ho to ustavičné rýchle striedanie nových vrchov a miest, nových dolín
        ariek snád bláznivým urobí, pochytí do ruky baedeker a začne čítať, aby
        vyčítal to, čo v cestopise nie je napísané, o čom sa teda písať dalo. Ale
        baedeker je opravdivý Mefisto. Nenájdeš v tých doskách červených ani
        za dukát niečo takého, čo by z nich chýbalo, o čom by sa pojednávať dalo:
        s dobrým prospechom, bez uskutočnenia plagiátorského prečinu a bez
        urážky svojho spisovateľského „dobrého mena“.
        <pb/>Dešperátne postavenie! Dešperátnejšie než postavenie plátku ban-
        skobystrického, keď nad ním zaznie výrok z úst Jekelfalussiho: „Mene,
        mene, tekel úpharziiť, t. j. po naš sčítané, sčítané, súdené a odváže-
        né je množstvo - nerozumov tvojich!“
      </p>
      <p>
        Toto je, ctené čitateľstvo, prelúdium k nasledovnému cestopisu, ktorý
        vášmu dobroprajnému zraku nakresliť zamýšľam. Verím, že ráčite na-
        hliadnuť, z akej príčiny som sa pustil do takého zbytočného - na prvý
        pohľad zbytočného - prelúdia. Na žiaden pád nie preto, akoby som
        v predohrách nejakú zvláštnu úlubu nachádzal, lebo nie som zo šťast-
        ných „muzikantov“ banskobystrických, a aj do tej spravodlivej muzi-
        ky sa len toľko rozumiem, koľko hus do žita. (Pozobe ho, pochutná si
        na ňom, ale nevie, z akých ústrojných látok sa ono skladá a do ktorej
        triedy Linnéovej patrí jeho kvet.) Otáznu predohru som len preto na-
        písal, aby ctené čitateľstvo malo milosrdenstvo nado mnou, ak nebude
        môj cestopisný obrázok hoden ani fajku dymu. A nakoľko som vid, že
        vynímajúc tú predohru, ako vidno - dosť podarenú, všetko, čo na poli
        cestopisov napíšem, málokoho bude zaujímať, preto som i tejto prácičke
        dal nápis Na parolodi a železnici a náročky som sa vyhol mnohosľubným
        grandióznym titulom ä la Cestopis do Švajčiarska atď. Nechcel som vás
        teda aspoň zavádzať — túto veľkomyseľnosť mi uznáte. A preto ak by
        ste sa pre moje prostosrdečné okolky zdráhali tieto riadky ďalej čítať,
        prosím vás, prečítajte ich aspoň ako odmenu mojej vyššie dokázanej
        veľkomyseľnosti, ktorá cnosť je v týchto porušených časoch, kde sa už aj
        subvencia dáva, ozaj zriedkavá i odmeny hodná. A tak hurá! ideme do.
        kraja zlatej slobody slobodienky, do mileného Švajčiarska.
      </p>
      <p>
        
        <milestone unit="subchapter" rend="stars"/>
        
      </p>
      <p>
        Šramotalo, hrkotalo celú noc. V noci vrhol som sa totiž do niektoré-
        ho vagóna, ktorý náhodne do Mníchova išiel z Viedne. (Aby som vás
        nenudil, nezačnem opisovať svoje cestovateľské skúsenosti od svojho:
        rodiska, lež od Viedne.) Sotva sa zavreli za mojím nevinným chrbtom.
        dvere vagóna, vydajúc praskot taký silný, aký len na rakúsko-uhorských
        železniciach možno počuť (zjavná to sympatia k praskotu burzovnému
        a generálnemu), a sotva mi konduktor vybil dierku na cestovnej karte,
        hneď som sa nachádzal v náručí sladkého spánku. Ale som predsa po-
        čul, že šramotalo a hrkotalo celú noc. To bolo teda dôkazom, že som ale-
        <pb/>bo sníval celú noc o šramotaní a hrkotaní, alebo že som vlastne nespal,
        lež hrkotanie železnice počul.
      </p>
      <p>
        Povážiac okolnosti, v akých som sa nachádzal — dva centy napravo
        (jedna vážna matróna), tri centy naľavo (akýsi medveď v ľudskej posta-
        ve) - náchylný som veriť, že som vlastne nespal, ale som si len myslel,
        že by dobre bolo voľnejšie odfukovať. V sladkých túžbach po eldoráde
        slobodnejšieho dýchania som snáď naposledy aj na okamih zadriemal.
        Ale i za ten okamih som počul šramotanie a hrkotanie.
      </p>
      <p>
        Čo šramotalo, čo hrkotalo celú noc? Ó, radostné cestovanie!
      </p>
      <p>
        Môj sused šramotal mechmi chrápajúcich úst, moja suseda hrkotala
        skameneným jazykom.
      </p>
      <p>
        Ináč, to nepatrí k veci. K veci len to patrilo, že som celú noc nemohol
        spať a následok toho bol, že som za rána, keď sa moji susedia z vagóna.
        vytratili, začal sprobúvať svoje nešťastné pľúca, či mi ich nemilosrdná
        ťarcha piatich centov neroztlačila a či sú na spanie ešte upotrebiteľné. I
        usnul som, práve keď vychádzalo slnce. Železnica uháňala krásnymi do-
        linami Salzburgu. Škoda krásneho kraja, že som ho nemohol obdivovať!
      </p>
      <p>
        Ináč, ani to nepatrí k veci. Nechcem písať obšírny cestopis. A keďže
        somi spal, či to nebolo „na železnici?“
      </p>
      <p>
        Z tej nadmieru zaujímavej scény, ktorá vyššie v krátkych lapidárnych
        ťahoch bola nakreslená, sa iste možno presvedčiť, že sa na železnici i
        pamätihodné udalosti vyskytujú.
      </p>
      <p>
        Avšak tak sa mi zdá, sťaby moje ucho bolo duchom cteného čítajúceho
      </p>
      <p>
        
      </p>
      <p>
        publika. Zdá sa mi totiž, že väčšia časť súdneho čitateľstva (a ja každého
        čitateľa pokladám za súdneho, ktorý týmto riadkom pozornosť venoval)
        takto hovorí: Škoda preškoda tej zaujímavej scény, že ju pôvodca tak na-
        krátko, tak lapidárnym slohom opísal. A koľko zaujímavého mohol roz-
        právať! Mal nám bližšie charakterizovať svojich spolucestujúcich, mal
        nám rozpovedať, o čom rapotal ten skamenený jazyk jeho dvojcentovej
        susedy? Ktovie, či by z jej reči nebola povstala zaujímavejšia epizóda, než
        je celý cestopis? A potom - aká nejapnosť od toho pôvodcu i to, že nepri-
        pomenul, či sa s tým susedom alebo susedou na železnici vôbec zhová-
        ral. Možno, veru, že je ten pôvodca tak mechom buchnutý, že sa ešte ani
        kľuďom prihovárať nevie... Hja, ale potom nechže nepíše cestopisy, lebo.
        je na to niečo prihl... A zase o tých krásnych krajoch Salzburgu úplne
        <pb/>mlčí. Že, vraj, drichmal. Daromná fráza, ba urážlivá. Pokladá svojich
        čitateľov za bláznov, alebo je on sám...
      </p>
      <p>
        A už takéto monológy netrpím, totiž ja, pôvodca týchto riadkov.
        Musím sa ohradiť proti takým urážlivým nadávkam. Ja že mechom
        buchnutý? Ja že...? Do očí vám musím riecť bez obalu, vám všetkým,
        čo ste s lapidárnym opisom tej železničnej scény nespokojní, vám všet-
        kým musím povedať, že vás - nesmierne ľutujem. Ľutujem vás preto,
        že nemáte ani zdania o pokrokoch moderného spisovateľstva. Tak sa.
        mi vy do toho rozumiete ako sliepka do organovania. Nuž či ste vy tak.
        ďaleko zaostali za vozom moderných náhľadov, že ani to neviete, že sa
        teraz čo najkratšie opisy najlepšie ľúbia, pri ktorých je najširšie pole po-
        nechané obrazotvornosti čitateľovej? Veru by ste sa hanbiť mohli, vy
        nositelia zastaraných šlendriánov. Spýtajte sa ktoréhokoľvek moderné-
        ho kritika, každý vás ubezpečí, že sa teraz krátke opisy najlepšie ľúbia.
        Predtým, pravda, opak tohto náhľadu stál na povrchu. Predtým bolo
        prvou cnosťou dobrého spisovateľa čo najpodrobnejšie detailizova-
        nie, rozbor situácie, osoby a predmetu až na najútlejšie čiastočky, ako.
        to napríklad u Hollého vidno, ktorý opisuje črpák svojho valacha asi
        v dvadsiatich-tridsiatich hexametroch. Ale teraz? - Teraz je najslávnej-
        ším spisovateľským maliarom ten, čo len obrysy kúskovité vie čiarať,
        aby obrazotvornosť čitateľova čo najslobodnejšie pole mala asekurov:
        né. (Niečo podobného i deti vedia robiť uhlíkom na stenu.) Tak veru!
        Moderné požiadavky sú inakšie v spisovateľstve než zastaraný klasický
        šlendrián. A môžem vás ubezpečiť - aspoň tak vraveli o tom moderní
        kritici — že príde onedlho čas, že ten bude venčený za najhlavnejšieho
        spisovateľa, kto nenapíše v svojom živote - ani riadočka. Ten už potom
        zabezpečí obrazotvornosti svojich čitateľov najširšie pole. Ó, keby ten
        čas už predo dvermi bol! Potom by aspoň a posteriori neexistovali ani
        moderní kritici.
      </p>
      <p>
        Zatiaľ podme ďalej.
      </p>
      <p>
        Železnica už pri Mníchove píska.
      </p>
      <p>
        City príjemné ovládali srdce moje, keď sa rušeň k Mníchovu približo-
        val. Vytrčiac hlavu zo železničného vozňa a zhliadnuc pred sebou sochu
        „Bavariu“ (do ktorej sa hore schodmi chodieva), bol som napomenutý,
        žesom prišiel na pôdu umenia.
      </p>
      <p>
        
      </p>
      <p>
        
      </p>
      <p>
        
        <pb/>Len niekoľko okamihov - a železnica zastala. Vo mne vrela túžba,
        aby som čím skôr mohol obdivovať povestné zbierky diel umeleckýci
        glyptotéku, pinakotéku a pod. Bohvie ešte čo. Lež príjemné moje city
        v škrekľavú disharmóniu premenila nepríjemná epizóda pri želez-
        ničnej stanici. Chcejúc sa zaopatriť bavorskými peniazmi, išiel som
        k pokladnici. Tam mi statočne vymenili naše bankovky za bavorské
        papiere.
      </p>
      <p>
        V myšlienky ponorený nad tým výrazom „čert ako diaboľ“, zabudol
        som si paličku pri pokladnici. Ľútosť hlboká mi zachvátila útroby za je-
        dinou vernou spoločnicou, ktorá ma z domova až do tejto cudzej kraji-
        ny sprevádzala. Ale ľútosť netrvala dlho. Navrátiac sa k pokladnici, tam
        som síce milenú a takmer oplakávanú paličku svoju nenašiel, lež učiniac
        v zármutok pohrúžený niekoľko krokov napred, zazrel som ju v ruke
        nejakého sluhu od železnice.
      </p>
      <p>
        Okamžik - a žiadal som galantne svoju družku naspäť.
      </p>
      <p>
        „Oh, veľmi vďačne,“ odpovie oslovený, „ak je vaša.“
      </p>
      <p>
        Vytiahol som mešec a podával som statočnému nálezcovi akýsi strie-
        borniačik, čo mi ešte od Simpachu bol zvýšil.
      </p>
      <p>
        „Nie som privyknutý na také almužny,“ zadakoval odmenený, uškr-
        núc sa opovržlivo. Nálezné neprijal.
      </p>
      <p>
        Na také almužny? myslím si. To mu je málo. „Dal by som viac,“ re-
        čiem, „ale nemám okrem bankovky. Vidíte prázdny mešec. Pijete pivo?“
        pýtam sa, pozrúc na blízky hostinec.
      </p>
      <p>
        Miesto odpovede zachytil sa dobrý vtáčik so mnou.
      </p>
      <p>
        Je to hrozné s týmito veľkomestskými gaunermi, myslel som si, vstú-
        piac do pivovaru. Už ma má! Vďačne by som mu bol ponechal milú
        paličku.
      </p>
      <p>
        V tomto okamžiku mi dobrá myšlienka napadla.
      </p>
      <p>
        „Pijete pivo?“ pýtam sa svojho sprievodcu, obrátiac sa k nemu nena-
        zdajky uprostred sály.
      </p>
      <p>
        „Ó, áno.“ Úľubne sa usmial.
      </p>
      <p>
        „Kúpte si teda za moju paličku piva,“ rečiem odhodlane, „a tu máte
        ešte i túto almužnu.“ S tým som mu hodil tenže strieborniačik čo prv
        a odchádzal som naspäť.
      </p>
      <p>
        Svingulant prijal oboje.
      </p>
      <p>
        
      </p>
      <p>
        
      </p>
      <p>
        
        <pb/>„Len jednu otázku,“ riekol pritom galantne, „smiem vám dať?“ A ne-
        čakajúc na moju odpoveď, spytuje sa ďalej: „Vy ráčite byť z Rakúska. Nie?“
      </p>
      <p>
        „Ak vám ľúbo, áno.“
      </p>
      <p>
        „Hneď som si myslel,“ dodal gauner s triumfujúcim smiechom. „Len
        Rakúšan môže byť taký ľahkomyseľný v peňažníctve. Vezmite svoju pa-
        ličkui peniaz!“ kričal za mnou.
      </p>
      <p>
        Ja som sa ani neobzrel od radosti nad tým, že som sa takého gaunera
        striasol.
      </p>
      <p>
        O hodinu neskôr som sa dozvedel v tomže hostinci, že sluha od želez-
        nice, s ktorým som mal aféru, bol bavorský - minister!
      </p>
      <p>
        „Nie je možné! To je švindeľ. Nepravdepodobné!“
      </p>
      <p>
        Domnievam sa, že asi tieto slová vykízli sa z úst čitateľa nad tou afé-
        rou, ktorú som mal v Mníchove s údajne bavorským ministrom a ktorú
        som predošle opísal.
      </p>
      <p>
        Ja, bohužiaľ, voči tejto nedôvere nemám inej odvety okrem tejto: re-
        lata refero, to jest podal som vec počutú. Ak teda ten údajný minister
        nebol opravdivým ministrom, prosím, neobviňujte mňa, lež prameň,
        z ktorého som správu čerpal. - A tu mi niečo napadá reťazením sa myš-
        lienok. Neraz sa i pisateľom historických románov a podobných vecí tej
        nedôvery za podiel dostáva, akoby niektoré veci v ich spisoch neboli
        pravdepodobné. Avšak oni úbožiaci za to nemôžu, preto sa nedôvera tá
        vlastne ani ich netýka. Námietku pravde nepodobného vymýšľania iba
        ten môže na nich uvaľovať, kto nerozoznáva historický dej od toho, čo.
        je slobodnou fantáziou vymyslené... Čítať napríklad v niektorej novele
        o hodovaní v takom paláci, nad ktorým stotridsaťpäť obesencov visí, je
        zdanlivo pravde nepodobné a absurdné, a predsa je to dejepisný fakt.
        Od nepravdepodobnosti k nemožnosti je ďaleký skok.
      </p>
      <p>
        A prečo by som neuveril, že ten pán v rovnošate (ktorú som ja, cudzi-
        nec, za rovnošatu bavorských železničných sluhov a úradníkov pokla-
        dal) bol vskutku bavorským ministrom, keď som zbezpečných úst počul
        (a to je všeobecne známa vec), že bavorskí ministri veľmi často chodie-
        vajú do toho hostinca, kam som i ja bol zašiel, na pohár piva? - Tak je
        to is dejepisnými rozprávkami. Prečo by som pochyboval o pravdivosti
        niektorého deja, keď viem z bezpečných prameňov, že sa on pomerom,
        obyčajam a duchu patričných časov neprotiví, ba s nimi súhlasí.
      </p>
      <p>
        
        <pb/>Avšak vzdialil som sa od predmetu.
      </p>
      <p>
        Prechádzam sa po chodbištiach mníchovských. Hľadal som zrakom
        zvedavým na tejto pôde umenia predovšetkým zvláštne stavby.
      </p>
      <p>
        Ale očakávanie moje nebolo splnené. O zovňajšku Mníchova možno.
        síce vcelku riecť, že v architektúre ďaleko stojí nad Pešťou, ktorá sa zdá.
        byť len kasárenským hniezdom, lež v stavbách mníchovských niet do-
        statočnej veľkoleposti. A tak myslím, že i najčistejšia stavba len vedno.
        s veľkoleposťou môže vyvolať uspokojujúci dojem. Z budov mníchov-
        ských priveľmi vyzeralo reálne zmýšľanie bavorských pivárov. Mimovoľ-
        ne mi napadlo: títo ľudia, reku, nezamurovávajú svoje peniaze do skaly.
        Z národohospodárskeho ohľadu je to chvályhodné. Pešť by sa mohla
        ztoho poučiť, ale dojem umelecký je tou myšlienkou mútený.
      </p>
      <p>
        Keď hovorím o staviteľstve, spomeniem spomedzi pamätn.
        vieb mníchovských aspoň starý gotický dóm, neovakovaný, z červených
        tehál stavaný. Palác kráľovský je dostatočne známy z novinárskych drob-
        nos
      </p>
      <p>
        Navštívil som i glyptotéku. A tu som nahliadol, že keď som v Mnícho-
        ve hľadal Atény, nebol som veru sklamaný. Už sama budova s klasickou
        jednoduchosťou je majstrovským dielom staviteľstva. A obsah tejto bu-
        dovy! Veľkolepé, uchvacujúce a poučné je vidieť, ako sa vyvíjalo rezbár-
        stvo od svojej egyptskej kolísky počnúc až ku gréckemu kulminačnému
        veku. Podoba jednotlivých triednych svetlíc a ich usporiadanie ako i
        fresky úplne harmonizujú so sochami, ktoré sú v nich umiestnené.
      </p>
      <p>
        Nemôžem spomenúť ani najpamätnejšie sochy. Ale aspoň jednu. Mňa
        zvlášť zaujímal „Spiaci Saturn“, pozostatok to z veku slávneho Praxitela.
        a Skopasa. Keď sa zahľadí človek na túto sochu, príde do pokušenia na-
        staviť svoje ucho, či ten Saturn skutočne nedýcha. Na tvári Saturnovej je
        klasicky vyjadrená opitosť. Skoro by sme uhádli, o čom asi sníva.
      </p>
      <p>
        Ale dosť. Okrem toho si vás už predstavujem, ako sa usmievate nad
        tým, že sa mi práve opitý spiaci Saturn páčil v glyptotéke. „Nie div,“ po-
        viete, „že sa pôvodca medzi bavorskými pijanmi táral.“
      </p>
      <p>
        Mníchov som opustil pod dojmom príjemných citov. Mnohé by som
        mal spomenúť, čo ma zaujímalo, naširoko-ďaleko by som sa mohol
        rozpisovať o každom videnom predmete. Či by môj cestopisný úryvok
        potom nebol ešte rozvláčnejší, než je teraz, to mnohý ľahko uhádne. Pri-
      </p>
      <p>
        
      </p>
      <p>
        
      </p>
      <p>
        
      </p>
      <p>
        
      </p>
      <p>
        
        <pb/>tom je aj to isté, že by tieto riadky mnohým lepšie chutili, keby v nich
        rozličné skúsenosti boli pospomínané dve na tri a nakrátko, než chu-
        tia teraz, keď sa pri niektorom predmete trochu dlhšie zabavím. Z to-
        ho si každý novelista môže tú dobrú radu vybrať, že sa väčšine terajšie-
        ho čitateľstva také poviestky najväčšmi ľúbia, v ktorých je mnoho deja
        v krátkom lapidárnom slohu nakopené. Kto sa tejto modernej požia-
        davke ozlomkrky neprispôsobí, lež i na estetický zmysel prevýšených
        „šlendriánov“ reflektuje vpradeným do svojej práce kde-tu obšírnejším
        opisom niektorého deja alebo osoby, nad tým novelistom je už vopred
        vynesený výrok nezdaru.
      </p>
      <p>
        Moja návšteva v mníchovskej glyptotéke mala za následok, že som
        si v najbližšom kníhkupectve zaopatril Lessingovo dielo Laokoón. Túto.
        klasickú prácu čítal som na železnici od Mníchova až po Lindavu. Me-
        dzi spolucestujúcimi som iste nemal nikoho, kto by mi bol lepšie než
        Laokoón zdíhavý čas cestovania krátil.
      </p>
      <p>
        Laokontovi mnohé mám čo ďakovať...
      </p>
      <p>
        Na svoju hanbu som sa presvedčil, že som dovtedy nejasný pochop
        mal o hraniciach maliarstva, rezbárstva a poézie. Predtým som sa do-
        mnieval, verný náhľadu Simonidesovmu, že maliarstvo je nemou poé-
        ziou a poézia hovoriacim maliarstvom. Lessing ma o inom presvedčil.
        I zanevrel som na „mániu opisovania“, ktorej som dosiaľ hlavnú rolu
        vbásnictve pripisoval.
      </p>
      <p>
        „Len toje úrodné,“ hovorí Lessing (Laokoón III), „čo obrazotvornos-
        ti slobodnú hru ponecháva. Čím viac vidíme, musí nám byť dovolené,
        aby sme si tým viac domyslieť mohli.“
      </p>
      <p>
        Lessing toto síce o maliarstve hovorí, ale či to neplatí aj o básnictve?
        Isteže aj o poézii, a tak napríklad aj o novelistike, s tým malým rozdie-
        lom snád, že táto musí ponechať slobodné pole dômyslu čitateľovmu
        v pobočných dejoch a reflexii nad súvisom hlavného deja, ale nikdy sa
        nesmie opierať o slobodný dômysel pri maľbe charakterov. Novelista.
        podľa mojej mienky nesmie dopustiť, aby si čitateľ inakšiu ideu smel
        utvoriť o charaktere niektorej, zvlášť hlavnej osoby, než akú pôvodca.
        nakresliť zamýšľal. Spisovateľ musí byť istý, že s ktorou osobou svojej
        poviestky on sympatizuje, s tou musí cítiť aj čitateľ. Aby sa ale táto zhoda.
        medzi názorom spisovateľovým a čitateľovým možnou stala, k tomu je
      </p>
      <p>
        
      </p>
      <p>
        
        <pb/>pri nekonečnom počte nuáns v charakteroch ľudských potrebná maľba,
        dôkladné kolorizovanie, často na úkor lapidárnosti, a nielen povrchne
        rabelaisovskú geniálnosť napodobňujúce čmáranie jednotlivých spisov.
        Myslím, že ak sa maliarstvo niekde s poéziou stýka, je to práve tento.
        punkt - punkt charakteristiky. Nechcem však rozpisovať svoje reflexie
        nad Lessingovým Laokontom, ktorého takmer každá kapitola sa hodí
        knovým a novým úvahám. Len škoda, že mnohí z novších kritikov prá-
        vena základe Lessingových zásad, nimi jednostranne pochopených, vy-
        stavali svoje klamné teórie, z ktorých niektoré som už v priebehu týchto.
        riadkov spomenul.
      </p>
      <p>
        Začínalo svitať, vlak dochádzal k Lindave. O dve hodiny mal som uvi-
        dieť kraje blaženého Švajčiarska... Aká to bude plavba po siných vlnách
        Bodamského jazera! V hrudi mi splápolal plameň nadšenia...
      </p>
      <p>
        Tu ale padlo mi oko na jednu enunciáciu otvoreného Laokonta -
        a odrazu som sa tak začal cítiť, akoby plameň môjho nadšenia bol býval
        spláknutý ľadovým tušom.
      </p>
      <p>
        „Konečným cieľom každého umenia,“ hovorí tam Lessing, „je úľuba
        abez tejto sa možno i zaobísť. Preto nepochybne môže závisieť od záko-
        nodarcu, ktorý druh úľuby a vakej miere je povoliteľný.“
      </p>
      <p>
        Horrendum dictu! To je snáď predsa primnoho od takého „Frei-
        geista“, ako bol Lessing. Zákonodarstvo by teda malo rozhodovať na-
        príklad nad tým, aké obrazy je dovolené maľovať, akého „druhu“ básne
        písať, „akú mieru“ nadšenia v nich upotrebiť a pod.? A už, prosím za
        odpustenie, táto kapitola Lessinga, napriek tomu, že ju pôvodca chcel
        dejepisnými príkladmi ilustrovať, z toho, že u starých boli aj umenia.
        podrobené zákonom, vyvodzovať, že by táže inštitúcia aj za našich čias
        bola potrebná a cieľu primeraná, to tolko znamená ako históriu zauško -
        vaťa nenahliadať, aký veľký je rozdiel medzi duchom starého a prúdom
        nového veku.
      </p>
      <p>
        Ale na šťastie v modernej Európe sa ani nenašiel taký štát, v ktorom
        by zákonodarstvo rozhodovalo nad dovoliteľným a nedovoliteľným
        vumení, čiže kde by zákonodarstvo slobodný vývin umenia bolo chcelo
        hatiť. A dobre tak.
      </p>
      <p>
        Nechže je zástoj absolutistickej kontroly ponechaný takým indiví-
        duám, o ktorých je známa vec, že sa pštrosom podobajú, nakoľko sa.
      </p>
      <p>
        
      </p>
      <p>
        
        <pb/>aj oni radi zarývajú pred nebezpečenstvom „liberalizmu“ a podobných
        mátoh do piesku stredovekých lapálií. Tieto poľutovaniahodné indi-
        víduá nechže sa kochajú v svojom vycieraní zubov, nechže sa kochajú
        vtom výlučne svojom vlastnom privilégiu, že sú oni strážcami mravnos-
        ti a najvyšším fórom umenia. Ja týchto ľudí ľutujem. A ak by sa mi kedy
        toho šťastia za podiel dostalo, že by tí zasmušilí rytieri vykrikovali nad
        nejakým mojím výtvorom mne do očú (a nielen za chrbtom) svoje ful-
      </p>
      <p>
        
      </p>
      <p>
        
      </p>
      <p>
        minantné jeremiády: „Mravnosť je napadnutá! Pozor, devy slovenské!
        Nedajte sa zviesť, junoši naši!“ - ja i vtedy nevedel by som sa namrzieť,
        ale s ľahkým úsmevom vyjadril by som tým rytierom svoju najhlbšiu
        sústrasť. Úbohí
      </p>
      <p>
        
      </p>
      <p>
        Pradenie týchto myšlienok ešte nebolo dohotovené, keď rušeň začal
        pískať, dávajúc na vedomie, že sme blízo Lindavy. O niekoľko chvíľ ru-
        šeň zastal.
      </p>
      <p>
        Vystúpil som z vagóna a oddajúc batožinu nosičovi poberal som sa
        k prístavu Bodamského jazera.
      </p>
      <p>
        Stál som na palube a hľadel som v tichej dume do zelenkavých vôd
        jazera. Neviem, či to bola túžba za opusteným domovom a či inakšie
        akési pocity, ktoré v prsiach mojich prúdiť začali. Dosť na tom, bol som
        rozrušený... V rozrušenosti zabiehal som až k hraniciam povestného
      </p>
      <p>
        
      </p>
      <p>
        „weltschmerzu“ i mimovoľne tisla sa mi na pery nasledovná básnička.
        Melancholické člapotanie vín, loďou prerezávaných, bolo hudobným
        sprievodom k mojim rýmom:
      </p>
      <p>
        <l>Ranný vánok už povievať začína,</l>
        <l>noc-mrákava vždy viac a viac sa míňa:</l>
        <l>Ó, loď, pospeš, rozprestri vetrilá,</l>
        <l>nech sa zjaví voľnosti vlasť milá!</l>
        <l>Blíži sa noc. Dych života nevládze.</l>
        <l>Ako by vládal niesť toľké nesnádze?</l>
        <l>Ó, čierna loď, nenáhli sa, čakaj:</l>
        <l>len ešte raz, len - zaplakať mi daj.</l>
      </p>
      <p>
        Neviem, či to v tomto smutnom tóne i ďalej malo ísť. Len na to sa roz-
        pomínam, že nasledujúca sloha mala obsahovať rezolútne - zriekanie
        <pb/>sa večného spasenia. Myšlienka táto, ako vidno, nebárs akorduje s ob-
        sahom slôh vyššie uvedených, no ja som ju predsa silou-mocou chcel
        upotrebiť, a síce z nasledovnej príčiny. Stalo sa mi pred pár rokmi, že
        som bol napísal a uverejnil veršík, vktorom sa moja hriešna duša ľahko-
        myseľne zriekala účasti spasenia. Akýsi starý pán sa nad touto imperti-
        nenciou bol strašne napálil (priatelia mi vyčítali, že je myšlienka tá pla-
        giátom z celej svetovej literatúry, čo ja sám uznávam) a tenže starý pán
        ma za tú impertinenciu statočne vymydlil. Ale čo sa vykľuvalo z kritiky
        toho pánovej? Výborná reklama pre moje, ináč „nechutné“ veršovníc-
        ke výtvory. A čo bolo výsledkom tej reklamy? Ten jednoduchý fakt, že
        skoro každá vzdelaná Slovenka vedela celú tú básničku naspamäť a čas-
        tejšie si ju s úľubou opätovala, a bez reklamy starého pánovej by ju snáď
        nikdy nebola ani čítala. Presvedčiac sa teda, že je nemierny útok starého
        pána pre mňa opravdivou reklamou, vyznám dôverne, ik veršíkom v
        šie uvedeným som preto zamýšľal pripojiť myšlienku o spasení, aby mi
        u toho starého pána bol zaistený útok - reklama mojich veršíkov.
      </p>
      <p>
        Dokým som sa ja čiernej lodi prosil, aby mi len ešte raz dovolila za-
        plakať - pustili sa do plaču nebesá. Neviem, či to boli slzy ľútosti nado.
        mnou. Ak slzy tie naozaj mne platili, tak veru strašným hriešnikom byť
        musím, lebo sa lialo strašne.
      </p>
      <p>
        K tomu vial i silný vietor. Bodamské jazero začalo sa vlniť. Krásny
        to bol obraz! Ale nejdem ho opisovať, po prvé preto, že nemôžem vy-
        stáť „mániu opisovania“, a po druhé z tej príčiny, lebo cteným čitateľom
        môžem v krajine ukázať a predstaviť niečo krajšieho, než sú rozhnevané
        vlny Bodamského jazera.
      </p>
      <p>
        Pozrite, kto sa tam do zrkadla pozerá?.
      </p>
      <p>
        Potichu sa blížte ako milenec ku komôrke svojej dievčiny: nedovoľte
        čižmám vízgať, ak máte v nich lipové triesky.
      </p>
      <p>
        V kajute je samotná, za spolucestujúceho mňa jediného má, môže
        teda svojej márnomyseľnosti nemýlene pochlebovať v zrkadle.
      </p>
      <p>
        Pozrite na tú štíhlu postavu - ale nejdem ju ďalej opisovať. Dosť na
        tom - máte pred sebou ženu ako lusk.
      </p>
      <p>
        Aký blažený som bol, že som mohol v jej spoločenstve cestovať.
      </p>
      <p>
        A aká zhovorčivá! Čo slovo, to geniálna myšlienka. Mladá síce nie je,
        ale je predsa na pobozkanie.
      </p>
      <p>
        
        <pb/>Rodom Poľka: vydala sa do Francúzska, ale jej manžel dávno zomrel.
        Keď mi o jeho smrti rozprávala, vytiahla z vrecka šatku a utierala si zasl-
        zené oči. To je už potom vernosť na pozlátenie.
      </p>
      <p>
        „Váš nebohý manžel,“ rečiem ja, „bol veľmi šťastný človek, lebo ako
        vidím, blažili ste ho závideniahodnou vernosťou.“ Chcel som týmito.
        slovami jej sentimentálnosť pichnúť, ale sa mi to nepodarilo: moje slová
        sa viac poklone podobali.
      </p>
      <p>
        „Ó, prosím vás,“ rečie ona, ľúbo usmejúc sa odrazu, „veľmi mi pochle-
        bujete. Radšej ste mali riecť, že srdce ženské býva vernejšie než mužské.
        A to je naše šťastie, bo v povedomí vernosti nachádzame aspoň aké-také
        uspokojenie, ak sme vľúbosti nešťastné.“
      </p>
      <p>
        „Ach, vy ste boli snáď nešťastnou? Veru vám to z tváre nevyzerá.“
      </p>
      <p>
        „Či nešťastnou?“ rečie ona s trpkým úsmevom. „Vy ste dobrý znalec
        ľudí. Mám k vám dôveru. Ak chcete, môžete počuť o mojom osude. -
        Ale snáď sa naraňajkujeme.“
      </p>
      <p>
        Dal som doniesť kávu, ktorú som fatálne draho musel zaplatiť.
      </p>
      <p>
        Pri šáločke začala rozprávať moja drahá Poľka o živote svojho ne-
        bohého muža, aký výstredný život viedol, koľko príčin jej k žiarlivosti
        poskytoval a podobné veci. Už som chcel svoje slová odvolať, ktorými
        som bol prv vyznal, že jej manžel bol veľmi šťastným človekom.
      </p>
      <p>
        Ale denigue zabával som sa dobre, až kým loď v Romanshorne zasta-
        la. S takou milou ženou som sa už dávno nezabával.
      </p>
      <p>
        Chlape, myslel som si, ak by si bol o štyri roky mladší, t. j. osemnásť-
        ročný, nech som dobrý, ak sa nezalúbiš do tejto ženy až po uši.
      </p>
      <p>
        Keď som si v Romanshorne železničný lístok vymieňal, pribehne dra-
        há Polka ku mne a vysype na pult predo mnou všetky svoje peniaze. Boli
        to všelijaké strieborniaky od výmyslu sveta, nebodaj pozostatok akejsi
        numizmatiky.
      </p>
      <p>
        „Prosím vás,“ rečie ku mne, „pomáhajte mi vyberať švajčiarske penia-
        ze, ja sa v týchto rozličných nevyznám.“
      </p>
      <p>
        Vyberať - myslím si. Celá tvoja numizmatika nestojí päť frankov a za
        lístok máš platiť aspoň dva razy toľko.
      </p>
      <p>
        Z rozpakov mi zvonček pomohol - začali tretí raz na odchod cengať.
      </p>
      <p>
        „Odpusťte, madame, ešte som neodovzdal svoju batožinu.“ S týmito
        slovami som sa vzdialil. Už darmo je, bol som veru taký negalantný, že
        som svojej „priateľke“ nekúpil lístok - za svoje peniaze.
      </p>
      <p>
        
        <pb/>Chlape, myslel som si, ak by si bol o štyri roky mladší, to jest osem-
        násťročný, nech som dobrý, ak jej nekúpiš lístok za svoj groš.
      </p>
      <p>
        Odytedy, čo som na pôdu švajčiarsku stúpil, šťastie ženské mav oprav-
        divom zmysle slova začalo prenasledovať. Sotva som v Romanshorne na
        železnicu sadol, dopálila za mnou moja premilená Poľka, a prv než by
        som ju bol spozoroval, sadla si ku mne, rečúc s francúzskou zdvorilos-
        ťou: „Neráčte sa mrzieť, ak budem vašou susedou. So známym priate-
        ľom je, tuším, lepšie cestovať.“
      </p>
      <p>
        Neodpovedal som, čo mi namrzenému na jazyku väzilo, ale som sa
        predsa nemohol zdržať, aby som nejako zarazeno nabok nepohliadol.
      </p>
      <p>
        A koho tu zhliadnem?
      </p>
      <p>
        Dievčinu, na prvý pohľad dobre známu, lež v prekvapení som sa ne-
        vedel spamätať, kto je a kde som ju videl.
      </p>
      <p>
        Ona tiež pozrela na mňa a začervenala sa.
      </p>
      <p>
        Po mnohom rozmýšľaní mi prišlo na um, že som dievčatko to sivooké
        ešti videl asi pred týždňom, keď omnibuse vis a vis sedela.
      </p>
      <p>
        Cestovala samotná. Možná vec, že v Pešti bola guvernantkou a že sa
        teraz do svojho rodiska navracala. Bol som v rozpakoch, či sa jej mám
        prihovoriť. Srdce mi lietalo od radosti. Vyznám dôverne, s dievčatkom
        som vrele sympatizoval.
      </p>
      <p>
        A ak je ona z Uhorska? Či by sa nepatrilo ju osloviť?... A vidím, že sa
        iona rozpomína na mňa.
      </p>
      <p>
        Bol som v rozpakoch za dlhší čas, a čo z rozpačitosti vyplýva, na su-
        sedu som pozabudol. Táto, aby moju negalantnosť revanšovala, začala si
        — za smiechu spolucestujúcich - vlasy vyčesávať. Tak som sa cítil, akoby
        ten smiech mne bol platil.
      </p>
      <p>
        To ma pohlo k rozhodnutiu.
      </p>
      <p>
        „Prosím, nebudem na prekážku vášmu zamestnaniu,“ rečiem k svo-
        jej Poľke a už som sedel pri boku sivookého dievčaťa, prehodiac krátko:
        „Excusez, mademoiselle“.
      </p>
      <p>
        „Si vous plait, monsieur,“ rečie ona, sklopiac zrak a zapýriac sa.
      </p>
      <p>
        Mal som také cestovanie, aké viac nikdy nebudem mat
      </p>
      <p>
        Kto bola tá dievčina a ako som sa s ňou zabával, rozpoviem vám
        druhý raz.
      </p>
      <p>
        Do videnia!
      </p>
    </body>
  </text>
</TEI>
