<TEI xmlns="http://www.tei-c.org/ns/1.0" xmlns:tei="http://www.tei-c.org/ns/1.0" xmlns:eltec="http://distantreading.net/eltec/ns" xml:lang="slo" xml:id="SLK2012585">
  <teiHeader>
    <fileDesc>
      <titleStmt>
        <title ref="ISBN:978-80-8101-278-5">Otcova kliatba : ELTeC edícia
            </title>
        <author ref="viaf:84143439">Bodický, Samuel (1850-1919)</author>
        <respStmt>
          <resp>editor</resp>
          <name>Marek Vician</name>
        </respStmt>
      </titleStmt>
      <extent>
        <measure unit="words">2979</measure>
      </extent>
      <publicationStmt>
        <p/>
      </publicationStmt>
      <sourceDesc>
        <bibl type="printSource">
          <author ref="viaf:84143439">Bodický, Samuel (1850-1919)</author>
          <title ref="ISBN:978-80-8101-278-5">Otcova kliatba</title>
          <pubPlace>Bratislava</pubPlace>
          <publisher>Kalligram</publisher>
          <date>2012</date>
        </bibl>
      </sourceDesc>
    </fileDesc>
    <encodingDesc n="eltec-1">
      <p/>
    </encodingDesc>
    <profileDesc>
      <langUsage>
        <language ident="sk"/>
      </langUsage>
      <textDesc>
        <eltec:authorGender key="M"/>
        <eltec:size key="short"/>
        <eltec:canonicity key="unspecified"/>
        <eltec:timeSlot key="T3"/>
      </textDesc>
    </profileDesc>
    <revisionDesc>
      <change when="2023-12-24">
            Initially created as an ELTeC file
          </change>
    </revisionDesc>
  </teiHeader>
  <text>
<front>
<div type="titlepage">
  <head>OTCOVA KLIATBA</head>
  <head>Poviedka</head>
</div>
</front>
<body>
  <p>
    Dobre vám mládencom po mestách, najmä keď nevyčerpané vrecko do-
    volí pustiť sa do hlučného prúdu. My dedinskí či s plným, či s prázdnym
    vreckom, postavení na „chlebovej postati, poddaní sme často nemoci
    nazvanej „dlhá chvíľa“. „Dobrá bolesť, čo dá pojesť,“ odpoviete nám prí-
    slovím, posmešne dvíhajúc plecia. „A predsa zlá,“ dupneme my nohou
    podľa Galilea. Najbezpečnejším liekom v tejto nemoci býva dobrý su-
    sed, ktorý nás prekvapuje svojím príchodom vtedy, keď nás pri úplnom.
    zdraví bolia všetky údy, pri zdravom rozume nevládzeme chopiť niť
    riadnej myšlienky, ale presadúvame bez cieľa z kúta do kúta.
  </p>
  <p>
    Moja „dlhá chvíľa“ vďaka dobrému susedovi Knožkovi trvala krátko.
    Často ku mne zachodil, a predsa jeho príchod mi bol vždy vítaný. Mu-
    sím ho riadne predstaviť, z mojej strany zaslúži všetku šetrnosť. Nízka,
    zhrbená postava, nerozlučiteľná s obšúchanou šubkou, už sedem kríži-
    kov tlačilo jeho plecia: vždy hladko pričesané šedivé vlasy splývali až na
    plecia, modré oči (lenže tú modrotu už trochu slnce vyťahalo), zakryté
    hustým obočím, bojazlivo vyzerali zo svojho úkrytu, navrchu stlačený
    nos tvoril pri spodku svojou rozšírenosťou ústam ochrannú strechu. A.
    tie ústa bez zapekačky ani myslieť: vidieť, že si zaľúbila ľavý kútik, tam
    mala svoje dobre utlačené miestečko.
  </p>
  <p>
    Do izby vchádzal s hlbokou poklonou. Keď som mu ponúkol stolec
    na sadnutie, šuchol po ňom rukou, aby mi ukázal svoju čistotymilov-
    nosť. Popravde nie jeho šubka od stolca, ale môj stolec od obšúchanej
    šubky bol v nebezpečenstve.
    <pb/>Naše rozhovory začínali sa pri denných udalostiach a končili sa roz-
    právaním o jeho živote. Posledné mibolo najmilším, lebo naivnosť jeho:
    rozprávania ma presviedčala o pravdivosti rozprávaného. V taký čas mu
    oči svietili novou žiarou, zasmiať sa ani za svet, najsmiešnejšie veci mu-
    sel som počúvať s vážnou tvárou. Môj sused nepoznal žart. Kedykoľvek
    sa mi krivili ústa na smiech, hotový na odchod, siahol po svojom klobú-
    ku, a stálo ma mnoho odhovárania, kým sa dal udobriť. Konečne ostal,
    bedlivo pozorujúc, či na mojej tvári nezbadá nejaký posmešný výraz.
    Bol žiarlivý na svoje dobré meno a vážnosť, ktorú požíval medzi spolu-
    občanmi: preto „nikto si nebude robiť z neho posmechy“.
  </p>
  <p>
    „Čím dlhšie človek žije,“ rozkladal mi vážne, „tým viac skúsi, ale te-
    rajšia mládež sa nerada učí zo skúseností starších, neuctí šediny.“ Knož-
    ko mal vo svojich šedinách zvláštne zaľúbenie.
  </p>
  <p>
    „Pravdu máte, pán sused,“ potvrdil som jeho slová. Musel som mu
    nadať do „pánov“ pre obšúchanú čiernu šubku: v tej požiadavke sú naši
    dedinskí čiernoodenci veľmi prísni. Knožko uspokojivo pokýval hlavou.
  </p>
  <p>
    „Mnohí si myslia,“ pokračoval, „že skúsenosť je pečený holub, ktorý
    letí každému rovno do úst. A predsa musí človek otvárať oči po svete,
    aby niečo skúsil, ba často i trpké pilulky prežierať.“
  </p>
  <p>
    „Či sa vám mnoho zlého prihodilo?“ spytujem sa, stavajúc na obdiv
    svoju sústrasť, i keď, pravdu povediac, moje otázky chceli Knožku len
    povzbudzovať do ďalšieho rozprávania.
  </p>
  <p>
    „Čiže mnoho zlého? Od mladosti do starosti žil som v trápení, a to
    ani nemohlo byť ináč,“ doložil so vzdychom, „otec ma preklial!“
  </p>
  <p>
    „Váš otec? Vlastný otec?“
  </p>
  <p>
    „Môj vlastný otec. Už dávno hnije v zemi. Bol som šuhaj na ženenie,
    matka nevládala, otec mi dával najavo, že je tu čas, aby ma oženili. Áno,
    mňa aby oženili. Mali hotovú nevestu, susedovie Katku: jediná dcéra.
    bola akoby stvorená pre mňa, ich dom susedil s naším, od malička sme
    spolu rástli, ale práve preto som sa hrozil tej myšlienky. Neviem, prečo.
    mi bola protivná. Rodičom som odpieral pod zámienkou, že ešte dosť
    času: oni vraveli, žeim je naponáhlo, smrteľný človek nepozná svoju ho-
    dinu. Nakoniec som vyslovil bez obalu svoju protiveň proti zamýšľanej
    neveste. Neviete si predstaviť zhrozenie nad tým, že pri voľbe chcem ja
    rozhodovať.“
    <pb/>„Vy ste mali pravdu,“ skočil som mu do reči.
  </p>
  <p>
    „Mal a nemal,“ odvetil, „mňa sa to týkalo, mal som byť zviazaný na
    celý život, mne prišlo rozhodovať. Ale čo môže rozhodnúť mladý chas-
    ník, ktorý ešte nevidel starosti. Tí v práci ošedivení to lepšie poznajú.“
  </p>
  <p>
    Umíkol som pred týmto dôvodením.
  </p>
  <p>
    „Nastali ťažké časy,“ natáčal s rozťažkaným srdcom, „za matkinými
    prosbami hrmeli otcove hrozby, všetko bolo metaním hrachu na stenu,
    zatvrdený nemohol som popustiť. Otcovský dom stával sa mi peklom na
    nevydržanie. Odhodlal som sa, že odídem na vandrovku. Matka plakala,
    otec preklínal, a keď som si napriek všetkému pozbieral svoje veci, vy-
    prevadil ma z domu s tým slovom: „Bodaj si nikdy nemal dobrej ženy!“
  </p>
  <p>
    Keď preriekol roztúženým hlasom posledné slová a oči mu zavlhli
    slzou, prichodí mi so zahanbením vyznať, že mi bolo do smiechu, ale
    pohľad na zarmúteného a slzavým okom bedlivo pozorujúceho starca.
    zahnal mi všetok smiech.
  </p>
  <p>
    „Odchádzal som z domu otcom prekliaty, matkou oplakaný. Zatvrd-
    nutosť nedovolila mojim slzám voľne tiecť, ale bolo mi čudno okolo srd-
    ca. Zanechaný sám na seba mal som vstúpiť do neznámeho sveta, medzi
    cudzích ľudí.“
  </p>
  <p>
    „Neru, krušná to práca,“ ubezpečoval som Knožku, žei ja viem oceniť
    vážnosť jeho podniku.
  </p>
  <p>
    „To ešte nebolo nič,“ odtušil mi povzbudený. „Teraz vandrovať a vte-
    dy, je nebo a zem. Celý deň brodiť po blatných cestách a večer vysilený
    ľahnúť na tvrdú lavicu.“
  </p>
  <p>
    „To sa i teraz prihodí,“ zmenšoval som jeho zásluhu.
  </p>
  <p>
    „Ľahko súdiť, kým nedopoviem,“ odsekol mi trochu namrzený, „na
    tej lavici, kde by si ustatý lepšie pospal ako kráľ v hodvábnych perinách,
    musíš spať ako zajac: možno ľudia kujú proti tebe zradu a zajtra ti oblečú
    vyšnurovaný kabát, opášu šabličku, pripnú ostrohy a tebe ani dva životy
    nedostačia, aby si doslúžil vojenčinu.“
  </p>
  <p>
    „Pravda!“ prisviedčal som.
  </p>
  <p>
    „Tak vidíte, v ustavičnom strachu cestoval som do Miškovca. Prácu
    som našiel u nejakého Kuruca Jánoša. On so svojou manželkou a jedi-
    nou dcérou Boriškou nažívali si veľmi pohodlne. Majiteľ domu a vinice
    mal všetko, čo mu len srdce zažiadalo, chýbalo mu len vtáčie mlieko.“
  </p>
  <p>
    
    <pb/>„To nepotreboval, miškovské víno mu bolo náhradou,“ zagustíroval
    som si na jeden pohárik.
  </p>
  <p>
    „Mali sme ho dosť, lébo mne sa dostávalo tej povinnosti s majiteľom
    ochutnávať v pivnici vínko.“
  </p>
  <p>
    „Hádam ste niekedy i pod čiapkou doniesli domov?“ prehodím so
    smiechom.
  </p>
  <p>
    „Božechráň,“ odpovedal celkom vážne. „Poriadny človek sa nesmie
    spraviť opicou. Vždy počestne, najmä v cudzom svete, bolo mojím pra-
    vidlom. A keby nie otcovej kliatby, mohlo mi byť dobre.“
  </p>
  <p>
    „Čo nepoviete!“ stával som sa pozornejším.
  </p>
  <p>
    „Veru kliatba. Majster Kuruc miloval ma ako svojho syna: zo schvál-
    nych narážok som badal, že by ma radi spárili s Boriškou.“
  </p>
  <p>
    „Páčila sa vám?“
  </p>
  <p>
    „Hm! Dievča ako kalina, čierne oči svietili ako dva žeravé uhlíky.
    Vyhýbala mi, nič prirodzenejšieho, rodičia jej povedali, čo ju očaká-
    va, a Boriška sa hanbila, myslel som si. Niečo zadudrala pomedzi zuby,
    z čoho som vyrozumel len slovo ,tót. Aha! Už ma chce dráždiť, sme
    blízko pri láske.“
  </p>
  <p>
    „Vy ste boli celý figliar, pán sused,“ pochválil som ho.
  </p>
  <p>
    „Mladá krv: za mladi sme všetci rovní. Porovnával som ju so všet-
    kými známymi dievčatami: nemala páru. Čožeby tie modroočky proti
    čiernookej? Modré oko je studená hlbina, do ktorej radi pozeráme, čier-
    ne je horúci plameň, do ktorého stačí raz pozrieť, aby nám srdce stálo.
    vohni.“ Posledné slová celkom takto nevypadli: dosť na tom, niečo bolo
    na veci.
  </p>
  <p>
    „Ona chce dráždiť, ja musím tiež. Keby tých čiernych očí nebolo! Tie
    ma udržali v príslušnej vzdialenosti. Rodičia povzbudzovali, už som bol
    na skoku, že prenesiem všetko zo srdca na jazyk - zasa tie čierne oči.
    Začal som rozm: i z toho pohľadu nehovorí nejaký tajný milenec.
    Akokoľvek musím vyzvedieť. Za súmraku vyšuchla Boriška do záhrady,
    ja za ňou: ukryla ma široká jabloň. Chodila ľahostajne medzi hriadka-
    mi, tu odtrhla kvietok, tam vyšklbla burinu, ale čím ďalej, tým väčšmi
    vzďaľovala sa od domu rovným smerom k zadným dvierkam. Dobehli
    sme takmer razom, ona k dvierkam a ja k blízkemu kroviu. Poklepala,
    zvonku zabrnkli ostrohy, otvorila dvierka a v nich ako maľovaný obraz
  </p>
  <p>
    
  </p>
  <p>
    
  </p>
  <p>
    
    <pb/>v ráme objavil sa vyšnurovaný husár. Vídal som ho chodiť pod naše ob-
    loky. Boriška sedela ako na ihlách, keď začula ostrý zvuk ostrôh, placho:
    hľadela okolo seba, a keď nikto nepozoroval, zvedavo vyzerala von oblo-
    kom. Všetko viem. Keby som bol husárom!
  </p>
  <p>
    „Dávno som ťa nevidel, Boriška,“ čujem vojenský hlas a vidím, ako
    jej husár poštipkáva líčka.
  </p>
  <p>
    „Či je od nedele tak dávno?“
  </p>
  <p>
    „Veru dávno, lebo neviem, čo sa u vás robí.“
  </p>
  <p>
    „Nič sa nerobí, len mi dnes matka povedala, že by nebolo od veci prísť
    pod čepiec.“
  </p>
  <p>
    „Dočkáš dva rôčky.“
  </p>
  <p>
    »„Nedovolia, otec veľmi náhli: má už mladého zaťa. Vieš, toho odkun-
    desa.“
  </p>
  <p>
    „Svrbela ma dlaň, pán môj: o mne bola reč, zo mňa si vystrája po-
    smech.“
  </p>
  <p>
    „Nari toho skrčeného Slováka? Porúbem ho na paprikáš!“
  </p>
  <p>
    „Už ma pálili podošvy, len že vyskočím a päsťou zatvorím tie bez-
    božné ústa, ale načo? Kvôli bláznivému dievčaťu, ktoré oslepili blýskavé
    gombíky? Rozum dohromady...“
  </p>
  <p>
    V noci som nemohol spať. Otcova kliatba znela mi v ušiach. Ak si
    vezmem Borišku, tam moje domáce šťastie. Boriška, husár a skrčený Slo-
    vák: opovrhnutý vlastnou ž ženou a nenávidený jej milencom - utešené
    výhľady. Nesmie tak byť, otec ma preklial, ale jeho duch vystríha pred
    nebezpečenstvom, otvoril mi oči, vidím pred sebou priepasť, vyhnem jej.
  </p>
  <p>
    Rozhodnuté: idem preč. Načo udávať príčinu? Som slobodný. Nech-
    celi ma pustiť, odhovárali, prosili, Boriška nikdy nebola ku mne taká
    láskavá. Odišiel som.
  </p>
  <p>
    Kam ísť? Do sveta nie, potrebujem svojich, srdce si nikde tak neod-
    dýchne ako doma. Všetko urobím, čo budú žiadať. Vezmem si susedovie
    Katku, ona je proti falošnej Boriške anjel.
  </p>
  <p>
    Otec mftvy, matka opustená vdova, Katka za mužom: to ma doma
    vítalo. Matke odľahčilo, a keď spomínala, že otec túžil po mne na smr-
    teľnej posteli, odľahčilo sa i mne. Chytil som sa do práce, práca sa darila,
    veď som nechodil darmo po vandrovke. A tak som osviežený vkročil do
    kruhu dedinskej mládeže.
  </p>
  <p>
    
    <pb/>Oblečiem vyšnurovaný kabát, vo tri rady gomby, kordovánky len tak
    vržďali, nabok vtlačím operený klobúk, dohánový vačok za pás. Takého
    ma dosiaľ nevideli. Bolo šepkania: dievčatá zbíjali hlavy dovedna: „Šu-
    -šu, tu-tu Janko Knožkovie“, a keď som jednu vyviedol do hry, ostatné
    zeleneli od závisti.
  </p>
  <p>
    Prišiel čas pomýšľať na ženbu. Nič ľahšieho. Môžem si preberať ako
    v planých hruškách. Preberal som, prebral som.
  </p>
  <p>
    „Náš otec odvolal kliatbu,“ preruším trápnu prestávku, „a to na smr-
    teľnej posteli.“
  </p>
  <p>
    „Odvolal,“ prerečie s povzdychom. „Ľudské odvolanie je slabé, pán
    boh neodvolal. - Zapáčila sa mi Dorka Matúšovie, do hry ako páper,
    do roboty ako oheň, všetci mládenci za ňou pozerali. Ja som len bokom
    žmurkal, ona porozumela, zapálila sa ako fakľa.“
  </p>
  <p>
    „Strýko Ďurko,“ vravím ku strýcovi, „pôjdeme na pytačky, matka po-
    trebuje pomoc.“
  </p>
  <p>
    „Vari hen do Miškovca?“ spytuje sa strýc.
  </p>
  <p>
    „Čo nás po Miškovci,“ vysvetľujem mu, „v dedine máme dosť hod-
    ných dievčeniec.“
  </p>
  <p>
    „Tak pôjdeme od domu do domu,“ prehodí v žarte.
  </p>
  <p>
    „Do domu, do Matúšov,“ odpoviem vážne.
  </p>
  <p>
    Strýc vyvalil oči. Rozhovor utíchol. Po malej prestávke preriekol:
    am pôjdeme? Nepočul som dobre.“
  </p>
  <p>
    „Do Matúšov, strýčko!“ odvetím zadivený.
  </p>
  <p>
    „Už prišiel rad na teba? Čímže ťa vábili?“
  </p>
  <p>
    „Mňa nevábili,“ odvrknem urazený. „Dievča sa mi páč
    „Dobre, syn môj, môžeme ísť,“ bral ľahostajne klobúk. Spočiatku tvr-
    dý odpor, teraz ľahostajnosť zrádzali ma od kroku. Musí byť niečo vo
    veci. Mňa vábili? Či sadnem na lep? Hádam zasa nešťastná myšlienka,
    otcova kliatba.
  </p>
  <p>
    „Hýb sa, Janko!“ napomínal ma strýc, keď pohrúžený v myšlienkach
    zabudol som na jeho vyzvanie.
  </p>
  <p>
    „Počkajte, strýčko: lepšie si rozmyslím,“ váham s odchodom.
  </p>
  <p>
    „Načo rozmýšľať? Páči sa ti!“ tvrdil urputne.
  </p>
  <p>
    „Mne sa páči, ale či to bude dobre? Poraďte že mi, vy ste skúsený člo-
    vek: viem, že mi nechcete zle.“
  </p>
  <p>
    
  </p>
  <p>
    zi
  </p>
  <p>
    
  </p>
  <p>
    
  </p>
  <p>
    
    <pb/>„Pravdu máš, nechcem ti zle,“ sadol strýko, podoprúc bradu palicou,
    pohľadom ma vyzýval k otázkam.
  </p>
  <p>
    „Prečo sa vám Dorka nepáči?“ spytujem sa.
  </p>
  <p>
    „Že je vetrom podšitá.“
  </p>
  <p>
    „Nikto ma ešte na to neupozornil, každý ju chváli.“
  </p>
  <p>
    „Neupozornil, lebo si ešte len nedávno prišiel. Spýtaj sa ktoréhokoľ-
    vek z mládencov, dá ti vysvetlenie.“
  </p>
  <p>
    „Mládenci áno,“ zasmejem sa, „lebo ani jedného nechce.“
  </p>
  <p>
    „Už nechce, ale chcela každého. Matka vie naháňať ryby do siete, ale
    nevie ich udržať.“
  </p>
  <p>
    „Azda sú to len ženské povedačky.“
  </p>
  <p>
    „Vidím, že máš vôľu, nepotrebuješ cudziu radu: čo si vezmeš, to bu-
    deš mať.“ Strýc odtiahol bradu z podopretej palice, dupol ňou na zem,
    hotovil sa na odchod.
  </p>
  <p>
    „Nepôjdeme, strýko,“ zľakol som sa. „Náhla práca nebýva dobrá.“
  </p>
  <p>
    Strýkova tvár sa vyjasnila, uspokojený šiel domov. Dorka sa mi p:
    la, tým tvrdšie mi padlo moje rozhodnutie. Neslúbil som jej manželstvo,
    ale ma pálili tie ohnivé pohľady, ktoré som na ňu upieral a ona možno.
    porozumela. Preč všetky hryzenia! Ja, prvý švihák v obci, mám poberať,
    čo iní nechali? Nič z toho nebude. Obchádzal som ju, ona to cítila, lebo.
    môj nevdojak zablúdený pohľad videl smutné klopenie jej očí.“
  </p>
  <p>
    Starý Knožko vzdychal, mlčky dosvedčoval, že strýkova rada nebola
    dobrá. — Vo fajkách vyhaslo, pripravili sme ich na nový pôžitok, a občer-
    stvený prvým vypusteným dymom pokračoval:
  </p>
  <p>
    „Strýko dochádzal častejšie, tajne kuli s mojou matkou. Mne medzi-
    tým prešla všetka chuť na ženbu, bolo mi hádam súdené ostať starým
    mládencom. Oznámil som matke bez obalu svoju mienku, netušiac, že
    ju privediem do plaču.
  </p>
  <p>
    „Mala som nádeje,“ vravela pohnutá, „ale nádeje klamú.“
  </p>
  <p>
    „Či som vám zlým synom, matka moja?“
  </p>
  <p>
    „Zlým si nebol, keby si dobrým zostal.“
  </p>
  <p>
    „Ničím som vám neublížil.“
  </p>
  <p>
    „Keby si bol na mojom mieste,“ vzdychala, „uznal by si.“
  </p>
  <p>
    „Netrápte sa tak veľmi,“ tešil som ju. „Chcem vám poľahčiť nakoľko
    len možno.“ A vskutku s dvojnásobnou pilnosťou krútil som sa okolo
    domácnosti.
    „V práci mi poľahčuješ, keby si i srdcu. Roky mi dochodia, smrť je
    istá, len hodina neistá. Chcela som ťa ešte za života prikrášliť, aby mi
    ostatný okamih bol ľahším - a ty? Nechceš mi to dopriať.“
  </p>
  <p>
    »„Doprajem, matka moja. Netrápte sa, mám svoj rozum, nezahyniem
    vo svete.“
  </p>
  <p>
    „Ty nezahynieš, ale ja hyniem. Teraz na staré kolená, keď by som mala
    zažiť pokoj. Vieš, koľko som pri tebe vystala, naplakala sa za tebou, a ty
    predsa neuznáš.“ Matka sa pustila do plaču.
  </p>
  <p>
    Kto by odolal materinským slzám?
  </p>
  <p>
    Plakal som s ňou a prisľúbil som, že sa čoskoro ožením.
  </p>
  <p>
    Obdivujem mužov, ktorí sa nevedia oženiť. Vyhovárajú sa, že taký
    vážny krok potrebuje vážneho rozmyslenia. Pravda, lenže keď človek pri
    ženbe najvážnejšie rozmýšľa, vtedy najľahšie zabije capa. Tak som po-
  </p>
  <p>
       
  </p>
  <p>
    chodil, vypočujúc náhodou matkin rozhovor so strýkom.
  </p>
  <p>
    „Janko mi prisľúbil,“ rozprávala matka, „Len koho teraz vybrať?“
  </p>
  <p>
    „Ľahká vec,“ prehodil strýko. „Strojný šuhaj si nájde ženu: i tá, i tá,“
    nepamätám viacej mená, „vďačne pôjde za neho.“
  </p>
  <p>
    „Ani jedna sa mi neľúbi,“ odporovala matka. „Ale, švagre, najlepšie
    bude tak po starej známosti. Vaša Katka je hodné dievča.“
  </p>
  <p>
    »„Nedbám, len dievčaťu nechávam slobodnú vôľu, a tá, neviem, ako
    povie.“
  </p>
  <p>
    Strýkova Katka by nešla za mňa? Poznám ju od malička, drobné stvo-
    renie, jedna nemoc ju podávala druhej, rodičia ju maznali a vychova-
    li na svojvoľnú hlavičku. Teraz, pravda, vyrástla zo všetkej nemoci, ale
    vdome držala rozhodné slovo. Jediným cieľom bolo získať túto svojhla-
    vú dievčicu pre seba.
  </p>
  <p>
    Predtým zriedkavé návštevy u strýkov stávali sa častejšími. Milá Kat-
    ka na mňa ani dobre nehľadela, pri mojom príchode sklopila oči a viac
    ich nepozdvihla. Rodičia radi by nás nechať samotných, veď viete, mladí
    ľudia si majú pred svadbou niečo povedať, keby Katka nebola mala už
    hotovú zámienku vzdialiť sa z izby. Jej spurnosť ma dráždila tým viac,
    keď sa po dedine rozniesol chýr o mojich záletoch, kčomu mnohí dodá-
    vali, že veru z toho žita múky nebude.
  </p>
  <p>
    „Paroma nebude myslel som: uvidíme, kto zvíťazí. Návštevy vystali,
    tým horlivejšie som sa oddal zábave a vykrúcal každú do radu, len Katku
    <pb/>nie. Vedel som vám vykrúcať. Dedinskí mládenci sa pri mne stratili, ani
    jeden z nich nebol v Miškovci. Mnohé srdiečko mrelo za mnou, mnohé
    líčko horelo ako fakľa pri mojom pohľade, mnohá rúčka sa chvela v mo-
    jej ruke. Nápadné bočenie od Katky vzbudilo u iných mnohé nádeje atie
    im dávali smelosť dôvernejšie sa správať ku mne. To ma tešilo. Chcel
    som Katku pohnevať, a ona sa hnevala.
  </p>
  <p>
    Strýko zbadal premenu, ale netratil nádej a svojím častým chodením
    k nám mal ma presvedčiť, že staré priateľstvo ostáva nenarušené. Roz-
    hovor narážal tak, aby v ňom Katka zaujala hlavné miesto. Moja kyslá.
    tvár ukazovala - vedel som sa pretvarovať — pretrhnutie zamýšľaného
    manželstva. V domácnosti strýko zúril, dcérina tvrdohlavosť križovala.
    jeho úmysly: samovládna dcéra stratila svoju moc, stala sa popoluškou
    čakajúcou na vyslobodenie. Všetko bolo pripravené: pomsta vyplnená,
    túžobne očakávajúci rodičia, túžobnejšia dcéra, len jeden krok a Katka
    mi s radosťou vletí do náručia.
  </p>
  <p>
    Nešťastný krok. Bolo to v piatok, keď som Katku vypýtal. O dva týžd-
    nebola svadba.“
  </p>
  <p>
    Sused Knožko rozmýšľal, či rozprávať ďalej svoje príhody. Vedel som,
    že jeho manželstvo nebolo šťastné, lebo pri manželkinej smrti mu žičil
    celý svet. Jedno mi bolo záhadné: ako sa mohol ten vážny, statočný muž
    dostať do domácej škriepky?
    človek s radosťou spomína na svoju svadbu,“ začal som zda-
    leka, „len vy tak trpko hovoríte o svojej.“
  </p>
  <p>
    „Má to svoju príčinu: svadba bola pekná, tichá. Ale po svadbe!“ za-
    vzdychol môj sused.
  </p>
  <p>
    „Niet domu bez dymu,“ tešil som ho príslovím.
  </p>
  <p>
    „Ten dym rezal oči a ohňa sme si sami nakládli. Veď vám aj to roz-
    poviem. Môj klobúk uchytila Katka, tá moja Eva. Podávala mi sladké
    jablko, zahryzol som do neho. Hladké reči, horúce bozky omámili mi
    rozum.“
  </p>
  <p>
    Sused zmíkol, azda sa hanbil za slabosť, ktorej tak mnohí podliehajú.
    Rukou pohladiac šedivé vlasy, pokračoval: „Katke sa nepáčilo, že do-
    mácnosť riadila moja matka: najprv prehovorila mňa a ja s celou svojou
    výrečnosťou oznamoval som Katkine dôvody nevoľnej matke. Vedela
    tak krásne hovoriť. Matka urobila synovi kvôli. Ale viete, ktorá žena.
  </p>
  <p>
    
  </p>
  <p>
    
    <pb/>nestojí pred ohniskom, stáva pri dverách. Moja matka, vlastná matka.
    stávala pri dverách a zo dvier cez prah jelen jeden krok. Srdce mi puka-
    lo, slova som nemohol preriecť, veď moje reči pomáhali vytisnúť matku
    zjej práva. Tá dobrá duša nemohla vydržať: slabé telo popustilo. Vyčítal
    som Katke. Bol čas, aby som preriekol slovo. Neočakávané vystúpenie
    proti svojvoľnej žene — keď môj šľachetný strýko jej chytal stránku -
    malo za následok dočasné rozlúčenie manželov. Nechala ma. Sám ako.
    prst opatroval a doopatroval som matku do hrobu. To ma bolí,“ rozprá-
    val trpkým hlasom. „Katke som nemohol zabudnúť ani vtedy, keď sa
    vrátila. Manželský pokoj bol porušený, nebolo jednej mysle, jednej vôle
    a čo najväčšie, láska prestala. - Tá otcova kliatba!“
    <pb/></p>
</body>
  </text>
</TEI>
