<TEI xmlns="http://www.tei-c.org/ns/1.0" xmlns:tei="http://www.tei-c.org/ns/1.0" xmlns:eltec="http://distantreading.net/eltec/ns" xml:lang="slo" xml:id="SLK2012924">
  <teiHeader>
    <fileDesc>
      <titleStmt>
        <title ref="ISBN:978-80-8101-278-5">Rýchlikom : ELTeC edícia
        </title>
        <author ref="viaf:42640171">Maršall-Petrvoský, Gustáv (1862-1916)</author>
        <respStmt>
          <resp>editor</resp>
          <name>Marek Vician</name>
        </respStmt>
      </titleStmt>
      <extent>
        <measure unit="words">746</measure>
      </extent>
      <publicationStmt>
        <p/>
      </publicationStmt>
      <sourceDesc>
        <bibl type="printSource">
          <author ref="viaf:42640171">Maršall-Petrvoský, Gustáv (1862-1916)</author>
          <title ref="ISBN:978-80-8101-278-5">Rýchlikom</title>
          <pubPlace>Bratislava</pubPlace>
          <publisher>Kalligram</publisher>
          <date>2012</date>
        </bibl>
      </sourceDesc>
    </fileDesc>
    <encodingDesc n="eltec-1">
      <p/>
    </encodingDesc>
    <profileDesc>
      <langUsage>
        <language ident="sk"/>
      </langUsage>
      <textDesc>
        <eltec:authorGender key="M"/>
        <eltec:size key="short"/>
        <eltec:canonicity key="unspecified"/>
        <eltec:timeSlot key="T3"/>
      </textDesc>
    </profileDesc>
    <revisionDesc>
      <change when="2023-12-26">
        Initially created as an ELTeC file
      </change>
    </revisionDesc>
  </teiHeader>
  <text>
    <front>
      <div type="titlepage">
        <head>RÝCHLIKOM</head>
      </div>
    </front>
    <body>
      <p>
        Dej: z okna - do okna.
        Osoby: on - a ona.
      </p>

      <div type="chapter">
        <head>I.</head>
        <p>
          „Mesiac svieti, nemyslíte, slečna, že by človek...“
          „Was, mein Herr?“
        </p>
        <p>
          „Či nemyslíte, že by človek náchylný bol poklony dávať?“
          „Was geht das mich an?“
        </p>
        <p>
          „Myslím, že ste srbské piesne spievali?“
        </p>
        <p>
          „Prečo to myslíte?“
        </p>
        <p>
          „Tak sa mi zdalo.“
        </p>
        <p>
          „Ako vidím, plytké dno!“
        </p>
        <p>
          „Ostatné slová ste veľmi zaťahovali.“
        </p>
        <p>
          „Teda predsa hlbšie!“
        </p>
        <p>
          „Máte dobrý orgán, slečna!“
        </p>
        <p>
          „Viem!“
        </p>
        <p>
          „Máte utešený hlas.“
        </p>
        <p>
          „Opakujete sa, pane!“
        </p>
        <p>
          „Ste Slovanka, slečna?“
        </p>
        <p>
          „Áno! Čo vás to zaujíma?“
        </p>
        <p>
          „Ľúbim Slavianky.“
          <pb/>„Br!“
          „Je vám zima?“
        </p>
        <p>
          „Pred takou obšírnou láskou áno, pán Nemec...
          „Ja som tiež Slavian!“
        </p>
        <p>
          „Ale! Akej národnosti?
        </p>
        <p>
          „Srblin sam, sestro!“
        </p>
        <p>
          „No, no, nie tak rýchlo.“
        </p>
        <p>
          „Srb je Srbke bratom.“
        </p>
        <p>
          „Haha, boli by ste zlým bratom.“
        </p>
        <p>
          („Mico, odi, odi!“)
        </p>
        <p>
          „To vás volajú?“
        </p>
        <p>
          „Áno. Matka sa bojí, že prechladnem pri okne.“
          „Zbohom teda! Ja som doktor Radevič.“
        </p>
        <p>
          „Ja Mica Kušičová. Zbohom, pán sused.“
        </p>
      </div>
      <div type="chapter">
        <head>II.</head>
        <p>
          „Dnes ste ešte krajšie spievali.“
        </p>
        <p>
          „Nedela som, že mám poslucháča.“
        </p>
        <p>
          „Ste márnivá teda?“
        </p>
        <p>
          „Rada sa páčim celému svetu.“
        </p>
        <p>
          „Celému svetu, slečna...? Brr!“
        </p>
        <p>
          „Buďte rád, ste aspoň i vy zarátaný!“
        </p>
        <p>
          „Som vám povďačný.“
        </p>
        <p>
          „Á propos! Nevidím vám tvár dobre. Boli ste to vy dnes o piatej v mest-
          skom parku?“
        </p>
        <p>
          „Áno!“
        </p>
        <p>
          „Neverím vám!“
        </p>
        <p>
          „Prečo? Vysoká postava, široké plecia, čierna brada, dlhé fúzy, široký
          klobúk, veríte, slečna?“
        </p>
        <p>
          „Nerím: dobre ste sa opísali.“
        </p>
        <p>
          „Je mi lúto, že som vás ja nevidel.“
        </p>
        <p>
          „Teší ma. Som vám takto zaujímavejšia.“
        </p>
        <p>
          „Máte krásnu tvár, oči blčia vám, slečna. A postava?“
        </p>
        <p>
          
        </p>
        <p>
          
          <pb/>„Čiperná, asi po vašu dlhú bradu, pane!“
        </p>
        <p>
          „Môžete byť krásnym zjavom.“
        </p>
        <p>
          „Som, pane.“
        </p>
        <p>
          „Ako, slečna? Vy to tak určite tvrdíte? Skadiaľ?“
          „Porovnávala som a verím i zrkadlu, pane!“
        </p>
        <p>
          „Haha! Rada sa pozeráte v ňom?“
        </p>
        <p>
          „Nie. Len keď sa musím.“
        </p>
        <p>
          „Verím vám.“
        </p>
        <p>
          „Musíte mi veriť.“
        </p>
        <p>
          „Prečo musím?“
        </p>
        <p>
          „Pretože som vás ešte neoklamala.
        </p>
        <p>
          „Haha! Máte málo skúseností, slečna. Ste dávno vo Viedni?“
          „Dva mesiace.“
        </p>
        <p>
          „Skadiaľ ste prišli?“ Z Uhorska, z N.
          vič!“
        </p>
        <p>
          „Prekvapujete ma. Ako to viete, slečna!“
        </p>
        <p>
          „Pamätám sa na vás, lenže vtedy nemali ste ešte brady.“
        </p>
        <p>
          „Kušič, Kušič: ach bože! Vy ste dcéra pána majora?“
        </p>
        <p>
          „Áno. Otec umrel, žijem tu s matkou.“
        </p>
        <p>
          „A prečo tu, slečna Milica?“
        </p>
        <p>
          „Chodím na konzervatórium.“
        </p>
        <p>
          „Podajte mi ruku. Ja som vás dakedy kolísal.“
        </p>
        <p>
          „Nemožno, pane. Mám krátku ruku. Obloky sú nám ďalej ako...“
          „Dvere myslíte? Idem!“
        </p>
        <p>
          „No, no, len nie tak chvatom. I zajtra svitne, teraz je už neskoro: matka.
          drieme.“
        </p>
        <p>
          „Zato sa ale môžeme zhovárať?“
        </p>
        <p>
          „Tu som.“
        </p>
        <p>
          „Pamätáte sa.
        </p>
        <p>
          „Áno, na všetko pamätám sa. A čo vy robíte vo Viedni?“
        </p>
        <p>
          „Nedávno som skončil štúdiá: teraz som pomocným lekárom v nemoc-
          nici.“
        </p>
        <p>
          „Ostanete dlho tu?“
        </p>
        <p>
          „Nie, vN. ma čakajú. Vyvolili ma za lekára.“
        </p>
        <p>
          „Ach!“
        </p>
        <p>
          
        </p>
        <p>
          a. A vyste tiež stadiaľ, pán Rade-
          <pb/>„A vy, slečna? Máte peknú budúcnosť so svojím hlasom.“
          „Ach, pane! Nútená dráha! Radšej by...
        </p>
        <p>
          („Mico, odi! Micol“)
        </p>
        <p>
          „Zbohom, doktor! Volajú ma.“
        </p>
        <p>
          „Zbohom, do videnia!“
        </p>
        <p>
          O jedenástej!“
        </p>
      </div>
      <div type="chapter">
        <head>III.</head>
        <p>
          „Voľno!!
          „Sluha pokorný!“
          „Vitajte, pán Radevič!“
          „Postojte, slečna, malá Mica, nech vás vidím... Aká ste krásna!“
          „Pokoj, pane! Nech sa páči, sadnite si.“
          „Hneváte sa, slečna?“
          „Som namrzená. Teraz som prišla z prednášok a matky niet doma. A ja
          vás na jedenástu pozvala. Mohli by ste si pomyslieť, že...“
        </p>
        <p>
          „Ale, prosím! Načo toľko formalít, veď sme my starí známi, zlatá Mica.“
          „la nie som ani zlatá, ani krásna, ani malá Mica, ale slečna Kušičová?
          Viete?“
        </p>
        <p>
          „Ha, ha! Milostivá slečna Kušičová, dovoľte, aby si blahorodý pán doktor
          Radevič sadnúť smel.“
        </p>
        <p>
          „Vy ste taký, aký ste boli: samop:
          „Vy ste ale malá, krásna, zlatá Mica. A ja, aby ste sa nebáli pletiek,
          dočkám vašu pani matku.“
        </p>
        <p>
          ste ako pop: vlasy po plecia, brada skoro po driek a postava ako
          loveku skoro strachu naženiete.“
        </p>
        <p>
          „Bojíte sa ma, malinká Mica?“
        </p>
        <p>
          „Ja, ja sa vás nebojím a velká som pre seba tiež dosť.“
        </p>
        <p>
          „Vy ste škovránok so strieborným hláskom, Mica. Rád by vás tak húpať
          ako pred trinástimi rokmi.“
        </p>
        <p>
          „A ešte čo, pán doktor?“
        </p>
        <p>
          „A ešte ste mi ruku nepodali.“
        </p>
        <p>
          „Tu je!“
        </p>
        <p>
          
        </p>
        <p>
          
          <pb/>„Krásna rúčka, ale prečo sa trasiete? Bojíte sa svojho starého priateľa?“
          „Nie, nie, ale pustte ruku!“
        </p>
        <p>
          „A vočiach slzy! Hneváte sa, Mica?“
        </p>
        <p>
          „Nie, nie, ale mi necelujte ruku!“
        </p>
        <p>
          „Ach, moja zlatá Mica, prečože?“
        </p>
        <p>
          „Len, len! Pusťte! Vy ste grobian...! Mama ide.“
        </p>
        <p>
          „Nech ide, Mica. Tým lepšie. Bozkaj ma, Mica.“
        </p>
        <p>
          „Ach, bože, ach!“
        </p>
        <p>
          „Tak, Mica, tak!“
        </p>

        <milestone unit="subchapter" rend="hyphens"/>

        <p>
          „Ako ma máš rada, Mica?“
          „Ako holub žitko, kvet rosu, vták slobodu, tak ťa mám rada Radivoj,
          muž môj! - A ty mňa, Radivoj?“
          „Ako škovránok ranný vzduch, orol smelý let, žito jarké slnce, smäd-
          ný čerstvý nápoj, nie, nie, ešte väčšmi, žena moja, zlatá, malinká Mica
        </p>
        <p>
          moja!“
          <pb/></p>
      </div>
    </body>
  </text>
</TEI>
