<?xml version="1.0" encoding="utf-8"?>
<tei:TEI xml:id="SLK2009195" xml:lang="slo" xmlns="http://www.tei-c.org/ns/1.0" xmlns:eltec="http://distantreading.net/eltec/ns" xmlns:tei="http://www.tei-c.org/ns/1.0">
 <tei:teiHeader>
  <tei:fileDesc>
   <tei:titleStmt>
    <tei:title>
     Rysavá Jalovica : ELTeC edícia
    </tei:title>
    <tei:author ref="viaf:10637721">
     Bencúr, Matej [Martin Kukučín]  (1860-1928)
    </tei:author>
    <tei:respStmt>
     <tei:resp>
      editor
     </tei:resp>
     <tei:name>
      Marek Vician
     </tei:name>
    </tei:respStmt>
   </tei:titleStmt>
   <tei:extent>
    <measure unit="words">
     8307
    </measure>
   </tei:extent>
   <tei:publicationStmt>
    <tei:p/>
   </tei:publicationStmt>
   <tei:sourceDesc>
    <tei:bibl type="printSource">
     <tei:author ref="viaf:10637721">
      Bencúr, Matej [Martin Kukučín]  (1860-1928)
     </tei:author>
     <tei:title level="a" ref="ISBN:978-80-8101-278-5">
      Rysavá Jalovica
     </tei:title>
     <tei:pubPlace>
      Bratislava
     </tei:pubPlace>
     <tei:publisher>
      Kalligram
     </tei:publisher>
     <tei:date>
      2009
     </tei:date>
    </tei:bibl>
   </tei:sourceDesc>
  </tei:fileDesc>
  <tei:encodingDesc n="eltec-1">
   <tei:p/>
  </tei:encodingDesc>
  <tei:profileDesc>
   <tei:langUsage>
    <tei:language ident="sk"/>
   </tei:langUsage>
   <tei:textDesc>
    <eltec:authorGender key="M"/>
    <eltec:size key="short"/>
    <eltec:canonicity key="unspecified"/>
    <eltec:timeSlot key="T3"/>
   </tei:textDesc>
  </tei:profileDesc>
  <tei:revisionDesc>
   <tei:change when="2023-12-16">
    Initially created as an ELTeC file
   </tei:change>
  </tei:revisionDesc>
 </tei:teiHeader>
 <tei:text>
  <tei:front>
   <tei:div type="titlepage">
    <tei:head>
     Rysavá jalovica
    </tei:head>
   </tei:div>
  </tei:front>
  <tei:body>
   <tei:div type="chapter">
    <tei:head>
     1
    </tei:head>
    <tei:p>
     „Nezabudnem, starká, nič, animak. Ó, ja kúpim všetko, keby som len mal dobrú trž na kapce.“
    </tei:p>
    <tei:p>
     Keby ja tak s tebou šla, nerečiem, že by sa nevykonalo, ale...“
    </tei:p>
    <tei:p>
     Na chrbte má priviazanú tanistru; v nej pokladené kapce, jančiarky a papuče, ktoré on na hotové našil a teraz ich ide predávať. Do tanistry utarsoval to tak, že každý pár zošil hrubou dratvou, aby spolu držal. Krt je síce gazda, ale v zime šije z valaského súkna obuv pre dedinčanov. A to je veľmi ľahká robota. Na merťuk nemusí sa veľmi dbať, lebo kapec čím je väčší, tým lepší; nemusí byť ani veľký výber v kopytách, veď i sám Krt má len tri. Jedno malé pre nevesty, čo majú malé nôžky; druhé veľké pre chlapov, ktorí potrebujú kapce ako vahany, aby mohli z pece do nich skočiť. Tretie je ani malé, ani veľké, ale len také stredné.
    </tei:p>
    <tei:p>
     Kopytá si Krt urobil sám, a to z bukového dreva, a nech by ním do starej hodil, iste by mala čo niesť. Ale on je poslušný manžel; ženu slúcha, ako Pánboh prikázal, má pred ňou veľký rešpekt. On nikdy nesprotiví sa jej, ale slúcha ju pobožne, a čo mu hneď rozkáže, aby vypil o jednu skleničku menej.
    </tei:p>
    <tei:p>
     Ale sa preto nesmejte na ňom! Čo on zarobí, to jeho žena uschová, ukladajúc tak babku k babce, aby z toho boli kapce. Čo raz vpadne do ženinho truhlového priečinka, to Krt nevymodliká stade, čo by ju tri dni prosil. Ešte keď si pýta od nej tri grajciare na dohán, to mu dá; ale ak by chcel ďalšie tri na nejaký ten nápoj, to nevydrie od nej ani do súdneho dňa. Ale Krt preto nenie nikdy bez groša; on si pomáha tak, že pri oddávaní každej roboty stiahne potajomky dva-tri grajciariky a s tými si pomaly gazduje. Keď žena vystíha nedoplatok u neho, lebo sa jej obdržaný zárobok máli, on do tých čias vzdychá a v prsia sa bije, kým mu neuverí, že spustil tri alebo štyri grajciare z ujednanej ceny.
    </tei:p>
    <tei:p>
     Jarmoky pre Krta nemajú žiadneho pôvabu a príťažlivosti, keď Eva stojí mu tam vždy za chrbtom, odberajúc utŕžené peniaze. Ale dnes je v Mrhanove jarmoček, a to je pravý jarmok pre smädnú dušičku Krtovu, lebo Eva nemôže ísť s ním. Onedlho budú Vianoce, Krtuľa voľky-nevoľky musí ostať doma, aby izbu vybielila a k nastávajúcim sviatkom náležite vyriadila. No a keď Krt ide na jarmoček sám, to akoby rybu pustil do vody alebo capa do záhrady. On oddávna robí si chuť, ako si tam vypije rozolišu, sladkého ani číry, čistý med, a ako zgazduje pár šestákov pre neistú budúcnosť.
    </tei:p>
    <tei:p>
     Hoci Eva ani po iné roky nechodievala na jarmoček, predsa dnes ťažko jej padne zostať doma, lebo v mužovej tanistre je aj päťdesiatka, za ktorú má kúpiť kravu.
    </tei:p>
    <tei:p>
     Krt je celý uveličený nad svojou dobrou ženou. On ani netušil, že by u nej toľký groš mohol byť. Akože by  neposlúchal ju? Či jeho vyschnuté hrdlo bolo by kedy zhonobilo toľkú sumu? Oj, nikdy, a čo by bol pre celý regiment navyšíval kapcov! Koľko ráz žena priložila po šestáčku, až z toho päťdesiatka narástla! Už takto rok mala štyri desiatky, jednu piatku a tri zlatky, lebo drobné hneď premieňala na bankovky. Veď července a tie šestáky sú okrúhle a tak chytro sa rozkotúľajú, že človek sa ani nenazdá, len keď je mešec prázdny. Keby Krt bol zavoňal toľkéto peniaze u ženy, iste by ju bol vše do tých čias unúval o olovrant, kým by mu nebola dala z nich pár grajciarov. No takto jej uveril, keď sa mu zaverala, že nemá ani grajciara, a stiahol smädný hrtan na užšie, aby ho toľko neznepokojoval.
    </tei:p>
    <tei:p>
     Krtuľa už vlani bola by sa kroz nejakej kravy na jarmok vybrala, ale tu prišlo jej zaplatiť osem zlatých porcie; zostalo jej teda len rovných štyridsať. A za to nedostane sa dobrá krava. Zviazala teda mešec dotuha, aby desiatky nerozleteli sa. A nerozleteli sa. Ba
    </tei:p>
    <tei:p>
     teraz v jeseň prišla k nim ešte jedna, takže Krtuľa mohla dnes mužovi dať celú novú-novučičkú päťdesiatku, takú ako lopár.
    </tei:p>
    <tei:p>
     Krt dosiaľ ešte nikdy nemal razom toľko peňazí! Ani so ženou nedostal toľký výplatok. Rátal v hlave, koľko skleničiek rozólišu by dostal za tento papierik. Hej, isto toľko, že aj mlynské kolo pohlo by sa od neho. A koľko kapcov by musel ušiť za päťdesiatku; isto zahatil by nimi mlynárovu vodu. Krt nevie, čo má robiť od radosti. Ach, toľkú radosť musí zapiť, to už ani inak nejde! No Eva hneď uhádla, za čím piští vysušená dušička mužova. Zohriala mu na cestu sladkého, až mu srdce v rozkoši plávalo. No pred pitím musel sľúbiť, že nikde nebude dneska unúvať krčmárov a že celkom triezvy príde z jarmoku. Darmo je, Krt čo sľúbil, chcel aj splniť, a preto doma chlipkal si svedomito, aby inokde nemusel.
    </tei:p>
    <tei:p>
     Takto posilnený pobral sa na cestu. Kapce, ktoré nespratali sa do tanistry, sárami zbodnuté prevesil na ohromnú čugaňu a túto založiac na plece, zaberal na jarmok. Jeho čierne očičky, aj inak dosť malé, od užitého nápoja ešte väčšmi sa zúžili a blyšťali ani u opravdivého krta, čo pod zemou ryje. Na ušiach stiahnutá veľká čapica, že iba koniec jeho dlhého, chudého nosa spod nej vykukuje. Krt, hoci nebol ešte starý, predsa nemal ani jedného zuba. Zalanským jeden zderavený ho bolel; akási stará baba poradila mu, aby si naň priložil liadok. Krt slúchol dobrú radu. A deravý zub nikdy ho viac nebolel, lebo vypadol, s ním šli aj všetky zdravé. Od tých čias má od zubov pokoj.
    </tei:p>
    <tei:p>
     Na rukách má hrubé pletené rukavice o dvoch palúchoch. Jeden z nich je pre hrubý palec, druhý ale pre ostatné štyri. Pravou rukou drží čugaňu na pleci, ľavou  zaháňa a vesluje v povetrí, až sa na tanistre prevesená halienka ometá zboka- nabok. Jeho chôdza je taká, akoby pravou nohou stúpal na stolček a ľavou do jamky; lebo pravá bola asi o dva palce dlhšia než nebožiatko ľavá, preto sa musel zahadzovať v chôdzi.
    </tei:p>
    <tei:p>
     A tak sádzal dlhé kroky, tu i tu podhodiac na chrbát tanistru, priviazanú na prsiach frumbijami v jeden uzol zviazanými. Žena vložila do nej i veľký poplanok, upečený natvrdo, nie po chuti bezzubému Krtovi.
    </tei:p>
    <tei:p>
     Z Adamoviec už všetci jarmočníci odišli, preto Krt musí ísť osamote. Zamrznutý sneh vrždí mu pod nohami a striebristá osuheľ mu sadá na neoholenú tvár a chlpatú čapicu. Dlhý nos, mrazom doštípaný, očervenel ani pivónia na Turíce.
    </tei:p>
   </tei:div>
   <tei:div type="chapter">
    <tei:head>
     2.
    </tei:head>
    <tei:p>
     Jarmok sa koná v Mrhanove. Mrhanovo je inak dedina, ale má rínok a vežu s veľkými hodinami. Teda nemenujte Mrhanovo dedinou, lebo slávny magistrát vás zaprocesuje. Kde sú na veži, a to ešte toľké hodiny ako na mrhanovskej, tam nemožno, aby to bola dedina. To i
    </tei:p>
    <tei:p>
     slepý musí nahliadnuť. Aké sú tie hodiny zdnuka, neznám; zvonku by boli dosť dobré, len ruky sú oslabené na nich. V Mrhanove niet síce blázna, čo by šiel ruky potískať; no keď silnejší vietor zafučí, kratšia pohne sa aj o dve hodiny ďalej. To je niekedy aj nepríjemné a má špatné následky. Napríklad ako vlani na Ondreja sa bolo stalo.
    </tei:p>
    <tei:p>
     Pán richtár mrhanovský držal vtedy obar, a ako sa to v Mrhanove svedčí, povolal naň celý magistrát s pánom notárom v čele. Pani richtárka od božieho rána bola ani na kolečku; tu jadernice, tu zas klobásy obstarávať, a najhlavnejšie: hostinu pre slávny magistrát chystať.
    </tei:p>
    <tei:p>
     Ako sa stalo, ako nie, dosť na tom, opozdili sa s robotou, takže obar nebol by sa mohol v určenú hodinu vydržiavať. Pán richtár bol celý zjašený, nahnevaný, troch žobrajúcich vandrovných vyhnal zo svojho domu. Vošiel do kuchyne, chcejúc žene pomáhať. Vzal si na starosť jadernice. Tam na korýtku boli uvarené omastené krúpy, ktorými sa mali nadievať. Pán richtár sa chytil do toho a šlo mu to od ruky omnoho lepšie než písanie nejakej inštancie.
    </tei:p>
    <tei:p>
     Ale čože: nezvyčajný kuchárskemu remeslu, zabudol krúpy osoliť, ba nedal do nich ani majoránu ani piepru. Pani richtárka zas behala z izby do kuchyne; v tom vrtení skrútil sa jej okrúhly čepiec, takže čo mala mať v tyle, to mala na čele. Veľká mašľa, čo mala byť nad samým čelom, bola obrátená k tylu. Mäsiar sa tiež náhlil s klobásami. A náhlivá robota nebýva vraj dobrá. Tak i on v tej trme-vrme dve jadernice nadel miesto krúp mäsom. Vôbec všetci v dome behali ako bez hlavy: šesť hodín je čochvíľa tu, hostina sa má započať, a na stole a pekáčoch ešte nič.
    </tei:p>
    <tei:p>
     No hlava mesta Mrhanova ani v tom zmätku nestratila hlavu, ba pánu richtárovi napadla zlatá myšlienka.
    </tei:p>
    <tei:p>
     Docituje hlásnika, riaditeľa vežových hodín, a naloží mu, aby ruku o dve hodiny vrátil na nich. Hlásnik  sprvu divil sa čudnému rozkazu pána richtára a vyhováral, že to nemožno; no potom poslúchol. Nuž a čo by sa mal sprostý hlásnik diviť? Akoby pán richtár z Mrhanova nemohol vládnuť hodinami, keď Jozue mohol slncu rozkazovať, aby za tri dni nezapadlo.
    </tei:p>
    <tei:p>
     Hodiny sú teda, dľa rozkazu, napravené: miesto pol piatej ukazujú pol tretej. Slávnemu magistrátu čas pomaly plynie. Veď, Bože môj, na obed sa len máličko prehodilo v očakávaní tučného obaru. Od obeda nietu, a predsa tak málo hodín. Vyobliekaní údovia slávneho magistrátu vychodia na priedomie a pozerajú na hodiny. No nedá to nikam: iba pol tretej.
    </tei:p>
    <tei:p>
     Natešený nad svojou múdrosťou, richtár potešuje ustarostené kuchárky, že však ešte dosť času, aby sa nebáli. A tie sa neboja; všetko im ide pekne od ruky, veď sám pán richtár vypomáha im. No jeho radosť bola privčasná. K veži zamierila vrana, a že slávny magistrát ešte nebol uzavrel, že vrany nesmú sadať na hodiny, usalašila sa práve na tej slabšej, kratšej ruke, zakvákajúc a klaňajúc sa na nej. Jej šťastie, že mala krídla, lebo ináč bola by letela ako
    </tei:p>
    <tei:p>
     anjel a padla ako čert. Ako si tam dvorila, rúčka začala klesať a zošmykla sa dolu, až ukazovala šiestu hodinu. Vrana zviezla sa z rúčky: no podletiac sadla na vrcholček veže.
    </tei:p>
    <tei:p>
     Slávny magistrát vydýchol radosťou, vidiac, že už šesť hodín. Pobrali sa tak v kŕdli do richtárov. Pani richtárka len zhíkla, vidiac takú mrákavu vchodiť do izby; jej muž ale odskočil do komory, aby preobliecť a tak slušne pred magistrátom objaviť sa mohol. Nemôže od divu, kde sa tých šesť hodín vzalo; veď len pred chvíľou bolo pol tretej, iba dve jadernice nadel, a už je šesť. Obliekal sa pomaly. Nič mu nešlo od ruky. Košeľu tridsať (ak nie viac) ráz obrátil, raz naopak, raz na líce, a nikdy nemohol jej na poriadok prísť. Čižmy boli tesné a nechceli nijako na jeho tučnú nohu. Konečne vyšnurovaný, ale aj dobre vyparený pán richtár objavil sa medzi svojimi hosťmi, vítajúc ich. Pravda, títo boli namrzení, lebo na stole nevideli ešte nič a v žalúdkoch im náležite svitalo. No s tým väčšou chuťou jedli potom neosolené a
    </tei:p>
    <tei:p>
     Na druhý deň, pravda, kolovalo mnoho chýrov o nespôsobnosti a zdĺhavosti pani richtárkinej. A to všetko pre oslabnutú hodinovú rúčku na veži.
    </tei:p>
    <tei:p>
     Aby som vás uspokojil, zdeľujem vám, že tie hodiny sú už napravené, minulého leta ich hodinár reparoval, a síce novou, peknou, bielou farbou natrel ciferník, až je bieloskvúci a čierne čísla z neho sa odrážajú; oba ukazováky pekne pozlátil, až sa to tam na tej mrhanovskej veži jagá – za lacný groš.
    </tei:p>
    <tei:p>
     V tomto meste ide byť dneska jarmok. Už teraz sveta plno po uliciach. Vôkol veže sú šiatre postavené, ľud sa hemží vôkol nich ako v mravenčisku.
    </tei:p>
    <tei:p>
     Náš Krt rozložil kapce pod stenou akéhosi známeho, a kým na obed zazvonili, nemal pred sebou nič, lebo všetko mu rozchytali akoby darmo. Zamastený plátenný mešec, do ktorého utŕžené grošíky metal, oťažieval a rozveselený predavač poštrngával si šestáčikmi, až ľudia kolostojaci mu závidia. Keď všetko popredal, ani si nezaobedoval, lež s triezvou hlavou pobral sa na rínok v tú stranu, kde predávali rožný statok. Chcel ísť kravu kúpiť.
    </tei:p>
    <tei:p>
     Ale cestou svedomie ozvalo sa v ňom, vytýkajúc mu, že gazdovi ani len nezaďakoval za prepustenú podstenu; a to takému dobrému chlapovi, ako bol Ferko Ľahký, mrhanovský mešťan. Krt bol citlivého svedomia: vrátil sa. Vošiel do izby a zaďakoval za podstenu. Ale či má odísť bez všetkého, ako mrzkí ľudia robia? Veru to! Poslal po rozóliš. Eva proti tomu nepovie nič, však i ona po každom jarmoku počastuje Ferkovcov. Nuž a či Adam má byť horší od Evy?
    </tei:p>
    <tei:p>
     Krt chce najprv počítať peniaze. Vysype července na stôl a ukladá po šajnách jeden rýnsky za druhým. On vie najlepšie na šajny rátať, lebo keď chodil do školy, len takéto šli. Ráta, ráta, i vyšlo mu za kapce štyridsať rýnskych šajnov. A ako to ľahko na tie šajny rátať!
    </tei:p>
    <tei:p>
     Päťdesiatka v tanistre je stodvadsaťpäť, a teraz za kapce štyridsať, teda spolu sto i šesťdesiatpäť rýnskych šajnov.
    </tei:p>
    <tei:p>
     Toľko peňazstva ešte nikdy nemal; zdá sa mu, že kešeňa chce sa odtrhnúť od veľkej ťarchy. Hlava sa mu krúti, akoby stál na vrcholci veže a vsadzoval do nej kríž. No na jeho šťastie prišiel rozóliš, i nalial si ho plný verdúnok. Veď on, chudák, nikdy nevylial, ani nedal si odtrhnúť rukáv pre núkanie.
    </tei:p>
    <tei:p>
     Najprv zazdravkal a len potom vlial ohnivý nápoj do bezzubých úst. A nie že by, ako iní žráči, chytro prezrel, ale posociava ho po všetkých kútoch smädných úst, aby jeho chuť tým dlhšie mohol cítiť, ba i požuje ho svojimi hladkými ďasnami. Natiahne krk, pozrie do povaly, vytreští drobné očká, a rozóliš čľup do bezmernej kadlubiny Krtovho žalúdka. Jeho tvár zvraští sa, bezzubé ústa stisnú sa, až koniec dlhého nosa poľúbi vpred čnejúcu bradu. Ešte si mľaskne, oblizne chudé pery, aby ani len kvapka dobrého nápoja v nič nevyšla, a dnom prázdnej skleničky šúcha prsia, aby ukázal, že mu od skleničky v nich obmäkne.
    </tei:p>
    <tei:p>
     Keď sa takto posilnil, hneď veselšie zahadzoval sa na dlhej čugani ku kravám.
    </tei:p>
    <tei:p>
     Tu jarmok sa už rozchodil. No stojí ešte jedna čierna krava, čierna, akoby ju bol z komína vytiahol. Krt pozrie zboku na ňu, hneď sa mu spáčila. Je síce malá, neveľká; no vemä ohromné, rohy malé a na nich len po dve obrúčky: teda krava mladá, šesťročná. A načo je mu stará krava? On chce mať mladú, preto mu táto tak na pľúca padla. Hej, Krt, Krt, pozri na rohy! Roztvor oči a uvidíš, že päť obručí pilníkom odobrali. Hľa, krava už vôkol huby šedivie, to už stará rebrina. No Krt nepozoruje nič; len zuby chce jej vidieť, i roztvára jej hubu. Hľa, jeden zub chybuje. To priviedlo Krta k rozvahe.
    </tei:p>
    <tei:p>
     „Tu má hvizdák,“ riekol predavačovi.
    </tei:p>
    <tei:p>
     „O to malá starosť, i vy ste museli byť štrbavý, keď vám zuby pršali. A teraz ste, chvalabohu, nie,“ a predavač šelmovsky sa usmieval na holých ďasnách Krtových, potom doložil: „Toto hovädo iba teraz váľa zuby, lebo je ešte mladé. Kúpte si ho, dojka je chýrna.
    </tei:p>
    <tei:p>
     Ani nekope, mlieko má husté, zmúti sa za otčenáš. Moja žena banuje za ňou, ale čo robiť; musím odpoly darmo predať.“
    </tei:p>
    <tei:p>
     Ani by som nepredával toto hoviadko, ale idem vydávať dievku; nuž a viete, že k tomu to i to treba.“
    </tei:p>
    <tei:p>
     kúpi starú hrachovinu, štrbavú kravu, pilníkom jej onoví rohy a takú omladnutú za dobrý groš predá, keď trafí na dobrého blázna. I teraz raduje sa, že dobre predá, lebo hneď ako na Krta pozrel, zbadal, že je tento v kupectve nezbehlý.
    </tei:p>
    <tei:p>
     „Povedzte, ale razom, čo pýtate za túto kravičku?“ pýta sa Krt.
    </tei:p>
    <tei:p>
     „Šesťdesiat rýnskych,“ odvetil Šmálok.
    </tei:p>
    <tei:p>
     Krt div nepodskočil od radosti; myslí si: „
    </tei:p>
    <tei:p>
     „Pýtate šesťdesiat, bez čoho?“
    </tei:p>
    <tei:p>
     „Ale no, dám vám rovných štyridsať, vyčítam tu na dlaň, hotových. Verte mi, štyridsať jej je cez uši dosť, už je i preplatená. No ešte keby nie ten zub, ale ten hvizdák...“
    </tei:p>
    <tei:p>
     Krtovi obmäklo srdce: prihodil tri, sľúbiac rovných štyridsaťpäť.
    </tei:p>
    <tei:p>
     Šmálok nechce byť horší od Krta, pustil za rovných päťdesiat.
    </tei:p>
    <tei:p>
     Medzi nimi je len päť rýnskych. Dosiaľ šlo jednanie hladko, lež teraz nechcelo sa pohnúť. Ani jeden nechcel ani grajciarom popustiť. Krt desať ráz pošiel preč a desať ráz sa vrátil; no nemohol Šmálka obmäkčiť. Konečne doložil:
    </tei:p>
    <tei:p>
     „Dám štyridsaťsedem, ale viac ani babky, čo by mierami dukáty meral. To je moje posledné slovo.“ A Krt staval sa, akoby chcel Šmálka nechať a odísť. Konečne tento  zvolal za ním:
    </tei:p>
    <tei:p>
     „Prujší, prujší,“ odvráva si švec, „ten je prujší, kto dá viac. A ja dám štyridsaťosem.“
    </tei:p>
    <tei:p>
     Krtovi mrklo v očiach. Nechcel dopriať takému obšivkárovi kravu, ktorá sa mu len teraz začala, ako svedčí, pozdávať. Také mladé a lacné hovädo opustiť pre mizerný rýnsky? Po krátkom rozmýšľaní priskočí k Šmálkovi a lakťom odstrčí ševca nabok.
    </tei:p>
    <tei:p>
     „Ja som prujší, mne ju musíte dať! Tu máte vašich štyridsaťdeväť.“
    </tei:p>
    <tei:p>
     „Nech vás pánboh požehná! Uvidíte, že neobanujete. Ale musíte dať aj oldomáš a ním aj tohto suseda počastovať.“
    </tei:p>
    <tei:p>
     Krt štedre platil oldomáš; keď mal pod črepom, pomeril sa i so ševcom, na ktorého posiaľ sa bol hneval. Všetci boli dobrej vôle, Šmálok pod stolom šúchal si ruky od radosti nad dobrým predajom. Oldomáš skončený, treba Krtovi poberať sa domov. Jeho drobné očičky zúžili sa a zas žiarili ako zaránky. Jeho rozólišom obliata dušička bola vo vytržení.
    </tei:p>
    <tei:p>
     Za oldomáš vyplatil dva rýnske; teda viac, než čo zarobil ihlou za jeden deň. Vytriasol peniažky z mešteka; no päťdesiatku treba zmeniť. Za márny papierik dostal kopu červencov, i ukladal šajnové rýnske jeden za druhým na stôl. Vyčítal štyridsaťdeväť, ponúkajúc ich Šmálkovi. Šmálok sa díva naňho ako teľa na nové vráta, konečne vraví:
    </tei:p>
    <tei:p>
     „To išlo za krčaha kráľa, kým sa krížikmi rátalo a straky čepce nosili.“„A kým ľudia ešte statočnými boli, a nie šmálmi,“ poznamenal Krt.
    </tei:p>
    <tei:p>
     „Nuž ale povedzte mi, kto ráta teraz na šajny? Len sprostí ľudia, čo nemajú všetkých doma. Nuž i vy chcete byť hlupákom. Ak nie, vyčítajte mi mojich štyridsaťdeväť rýnskych a pôjdem zbohom.“
    </tei:p>
    <tei:p>
     Há? Za starodávna bola krava za štyridsaťdeväť šajnov, a teraz pýtajú za ňu stodvadsaťtri i dvadsať grajciarov. Nuž či to tak?“ A staval sa Šmálkovi do očú len chytiť a chytiť. No Šmálok sa poriadne držal. Po dlhom hádaní Krt zhrnul vyčítané peniažky nazad do mešteka i bolo po znamenitej kúpe. Meštek oľahčel o dva šajnové rýnske, vyplatené za mastný oldomáš; napojený Šmálok a švec konečne odišli, potešujúc sa aspoň tým, že tak darmo k oldomášu prišli.
    </tei:p>
   </tei:div>
   <tei:div type="chapter">
    <tei:head>
     3.
    </tei:head>
    <tei:p>
     Tak, hľa, pochodil náš drahý Adam Krt. Kravy nič, päťdesiatka zmenená a dva rýnske v krčmárovej kapse. „Bože, Bože,“ vzdychá si, „čo mi Eva povie? Koľko sa, neborká, natrápila, kým zhonobila päťdesiatku, a ja som ju tak nemilobohu zmenil. Ako jej ukážem toľkúto hŕbu červencov? A čo mi povie, keď sa dozvie, že som dva rýnske utarmonil? Viem, že mi dá celý týždeň slanú vodu chlípať.“ Potom sa potešil: „Ale ako by žena mohla zvedieť, koľko peňazí som minul; veď nevie, čo som za kapce dostal.“ Horký jeho nezvie! Ona mu na očiach vyčíta každučký grajciar, o ktorý by ju chcel priviesť. A preto sa jej aj tak bál.
    </tei:p>
    <tei:p>
     Ako takto v hostinci opretý o stôl premýšľa o svojej biede, hupne mu do hlavy, že treba kúpiť korenia, škorice, medu, kávy, cukru, maku a iných vecí. Vezme čugaňu a berie sa na rínok k šiatru, kde to predávajú. Tam kúpil hrnok na med, lebo vedel, že z papiera vytečie.
    </tei:p>
    <tei:p>
     Dal si ho navážiť dva funty, lebo je to treba na dobrú medovú. Maku kúpil pol holby, aj škorice hodne. Do fľaše mu naliali za šesť grajciarov octu; kdesi v sklepe kúpil do sklenice rybieho tuku na ženine sviatočné čižmy. Idúc popri medovníkovom šiatri, kúpil Eve ohromné srdce so zrkadielkom a za celý šesták voňavých marcipánov. Takto obložený hrnčekmi poberal sa domov. Ľudia sa z rínku práve rozchádzajú, lebo je už ovŕšených päť hodín. Medzi idúcimi zazrie i suseda Adama Trnku, vedúceho tučnú, rysavú jalovicu.
    </tei:p>
    <tei:p>
     Krt beží za susedom, že pôjde s ním do Adamoviec. No zíde mu na um, že sa s ním hnevá. Nuž tak, práve dva roky minulo na Michala, čo sa poškriepili. Od tých čias ani nepozreli jeden na druhého. Hnev sa strhol takto:
    </tei:p>
    <tei:p>
     Krt mal starú kozu, ktorú od rokov držal pre úžitok. V lete obhrýzala kríky v Trnkovie plote, ktorým je jeho veľká záhumnica obtočená. V zime vláčil jej jedličinu. Kým bol Krt dobrý so susedom, nebál sa do jeho plota uviazať kozu. Veď či by sa svedčilo duchovnému kmotrovi zahnať ju preč? Čože by svet povedal na to? Krtova koza mala v susedovom plote dobré časy: poobhrýzala lístky i mládniky dočista, akoby tam húsenice boli bývali.
    </tei:p>
    <tei:p>
     I tohto minulého leta v jeden deň ráno Krt zaviedol ju do kmotrovho plota a uviazal o hrubý tŕň. Pozabudol, chudák, že sa hnevá s Trnkovcami!
    </tei:p>
    <tei:p>
     Trnkuľa len to čakala. Ako koza v jej plote zamekotala, pochytila nožnice a príduc k nej, odstrihla jej dlhú bradu. Odstrihnutú srsť zviaže do choviasla a priviaže nitkou o jeden roh. Takto zneváženú kmotrovu kozu zavedie k humnu a priviaže o vráta. Krt sa len zdivil, keď počul Lízu kdesi blízko zmekotať. Ide pozrieť, kde je, čo je, i nájde ju pri humne.
    </tei:p>
    <tei:p>
     „Líza, Líza, čože sa nepasieš? Nuž ale i v lete budem ti vari smrečinu nosiť. Oj, to už nie!“ Gazda sprvu myslel, že sa odtrhla. No, príduc k nej, videl, že ju ktosi o vráta priviazal, ba zočil, že má i bradu odstrihnutú. Kto to urobil? Prečo? Konečne zvolal:
    </tei:p>
    <tei:p>
     Kozu zaviedol do maštale a priviazal k žľabu. Choval ju tam týždeň a potom odpoly darmo predal. Šlo mu skoro do plaču, keď sa s ňou lúčil, a od tých čias na susedov dom ani nepozrel. No umienil si, že sa Trnkovi vypomstí. A to sa mu podarilo.
    </tei:p>
    <tei:p>
     Trnkovie kohút pozabudol, že sa mu gazda hnevá s Krtovcami, i prišiel zas do ich dvora. Gazdiná vovábila ho do izby, posýpajúc mu jačmeň po zrnku, po dve. Tam ho i s mužom chytili. A čo mu urobili? Ona mu odstrihla chvost a on vsadil piadlo do zobáka, vyhodiac ho naprostred dvora. Zostrašený kohút preletel Krtovie dom a behal s veľkým škrekotom po svojom dvore, akoby bol rozum potratil; všetky sliepky u Trnkov zleteli z pántu a robili po pôjde  krik ani o súdnom dni. Po mnohom trápení Trnkovci dostali kohúta do izby.
    </tei:p>
    <tei:p>
     Žena zvolala:
    </tei:p>
    <tei:p>
     „Mňa nik nebude vysmievať,“ a nahnevaná Eva schytí nôž a podreže kohútovi hrdlo. Chudák, potancoval po izbe, utiahol sa dva-tri razy a vystrel nohy ako struny. Pysk mu je rozzevený, v ňom vsadené piadlo.
    </tei:p>
    <tei:p>
     Trnka bol síce namrzený na kmotrovcov, ale väčšmi dopálila ho žena.
    </tei:p>
    <tei:p>
     „Teraz si ho ty zjedz! Ja sa ho nedotknem, a čo mi príde dva dni slanú vodu chlípať.“
    </tei:p>
    <tei:p>
     Krt sa len vtedy zbadal, keď zarezaný kohút padol mu skoro k samým nohám. No potom chytil ho a zaniesol do Trnkov. Položil im ho na stôl.
    </tei:p>
    <tei:p>
     „Ja nemám s vami nič, a takúto mrcinu nenoste mi do domu, lebo...“ a zahrozil pani kmotre päsťou a zaškripel zubami.
    </tei:p>
    <tei:p>
     To, hľa, stalo sa zalanským na Michala, a už minuli dva roky, čo susedia nestratili k sebe ani slova, a to je už dosť málo!
    </tei:p>
   </tei:div>
   <tei:div type="chapter">
    <tei:head>
     4.
    </tei:head>
    <tei:p>
     Teda kmotor Trnka vedie z rínku tučnú jalovicu. Krt zahadzuje sa na kulhavej nohe za ním, a keď mu je za chrbtom, zakašle, až jalovica podskočí. Trnka sa obzrie, kto to kašle; vidiac Krta, odvráti sa, akoby nič nebol videl. No Krt nadbehne, až ho dohoní, i prihovára sa mu:
    </tei:p>
    <tei:p>
     „Nie,“ odsekol mu Trnka, ani sa neobzrúc na neho.
    </tei:p>
    <tei:p>
     „Nie? A kdeže ste ju vypriadli?“
    </tei:p>
    <tei:p>
     „Poďte, kmotre, dnu, pozhovárame sa. Ale vy sa hneváte? Pre také pletky, pre kohúta, kto by sa to hneval?“ A Krt ťahá suseda do hostinca.
    </tei:p>
    <tei:p>
     Trnka, vidiac, že Krt chce sa meriť, uviazal jalovicu o krčmovú obločnicu a vošiel s ním dnu.
    </tei:p>
    <tei:p>
     Jalovica je mladá, práve v troch rokoch. Celkom červenej srsti, len dolu chrbtom má biely pás a niže kolien i paprčky biele. Dolu čelom až k samej hube biely pás, lampášom menovaný. Jalovicu to večné vystávanie začína už domŕzať, i vyloží hlavu do obloka a pozerá rovno do korheľne, preplnenej potrundženým jarmočným ľudom, akoby chcela dozerať na slúžku, ktorá za rekeštíšom meria špatne zapáchajúce pálené.
    </tei:p>
    <tei:p>
     Gazda Trnka a jeho kmotor utiahli sa do bočnej chyžky, aby si mohli potrizniť tak medzi štyrmi očami. Krt povie:
    </tei:p>
    <tei:p>
     Keď už mali hodne pod čapicami, pomerili sa. O koze a kohútovi zabudli, ba boli zase ako med. Vypili i mernô, pri ktorom dochytila ich Trnkova žena, ktorá bola na rínku poostala, aby pokúpila jedno-druhé na sviatky potrebné. Idúc z rínku, myslela, že jej muž niekde za horami za dolami, no pri krčme zazrie jalovicu. Na mužovi nahnevaná vtrhne do izby s dobre naostreným jazykom. No vidiac pri ňom kmotra Krta, začiatok vady zabudla, len samý koniec jej zišiel na um:
    </tei:p>
    <tei:p>
     „Eva, sadni si. Tuto sused zaplatil mernô. Na, vypi!“Eva Trnková sa obrátila a s hnevom odišla preč.
    </tei:p>
   </tei:div>
   <tei:div type="chapter">
    <tei:head>
     5.
    </tei:head>
    <tei:p>
     Už súmrak padal na rozvlečené Mrhanovo, keď pánom kmotrom zišiel dom na um.
    </tei:p>
    <tei:p>
     Krt vyplatil tri rýnske za druhý oldomáš a vzdychol si, výčitkou svedomia trápený, že dve zlatky strovil. Ženy sa bál, čo mu povie, keď sa dozvie o toľkej útrove; no potešil sa potom, pomysliac sám v sebe: „
    </tei:p>
    <tei:p>
     Aby som mal počúvania za pol roka. A ona to vie tak od kraja vytrízňať; nezabudne nič, ani márnu vec. Spomenie i to, čo si až hen pred sobášom urobil. Dobre, oklamem ju. Poviem, že som dal za jalovicu o dve zlatky viac, že som vyplatil tridsaťpäť. Ona sa nedozvie nikdy, čo som Trnkovi dal; s tým sa hnevá, i s kmotrou; veru sa ich nepôjde opýtať! Ale Trnkovi tiež nepoviem nič, ten má nasolený jazyk; nezdrží na ňom, ale všetko vylalotá.
    </tei:p>
    <tei:p>
     Trnka si zas myslí: „
    </tei:p>
    <tei:p>
     Ohó — dosť ti bude rovných tridsať. Nuž veď všetky by podľa pravdy mali patriť mne. Ja som vychoval jalovicu, ja som ju kŕmil, ja som predal i oldomáš vypil – a žena mala by sa v peniazoch prehŕňať! Nechám si aspoň tri zlatky a vyplatím Jakuba, lebo mi na krk stúpa. Hej,
    </tei:p>
    <tei:p>
     Jakube, vyplatím ťa do grajciara, ó– neboj sa, vyplatím. Ale Krtovi nepoviem nič, ten by hneď po dedine rozbubnoval, ako klamem ženu. Nik nebude vedieť, len keď Jakuba
    </tei:p>
    <tei:p>
     Predo dvermi čaká ho Trnka, ktorý prvý bol vyšiel z krčmy. Krt obzerá sa sem i ta, vpravo i vľavo, kde je jalovica; no nevidiac nič, pýta sa Trnku:
    </tei:p>
    <tei:p>
     „Švagre, nevideli ste tu rysavú jalovicu? Je celkom červená, dolu chrbtom má biely pás a na čele lampáš, pol huby je tiež bielej.“
    </tei:p>
    <tei:p>
     „A kde ste ju videli?“
    </tei:p>
    <tei:p>
     „Pred poludním, pred poludním; ale tá sa stratila teraz pred večerom.“„Teraz? A odkiaľ?“ pýta sa ich mešťan.
    </tei:p>
    <tei:p>
     Trnka sa zaokúňal; nechcelo sa mu povedať, že spred krčmy. No potom predsa vyznal:„Kým sme sa zjednali, vošli sme do krčmy...“
    </tei:p>
    <tei:p>
     Krt povie Trnkovi:
    </tei:p>
    <tei:p>
     Krtovi odľahlo, akoby mu kameň bol odpadol zo srdca, priskočil k dedinčanovi a div ho neoblapil od radosti.
    </tei:p>
    <tei:p>
     „Nuž viete, švagorko? Povedzte, kde je, a dáme vám náleznô.“
    </tei:p>
    <tei:p>
     No ten už kráčal v inú stranu, ale teraz sa obrátil k verným susedom a volal na nich: „Len jej rohy hľadajte. Keď tie nájdete, už akoby ste ju mali.“
    </tei:p>
    <tei:p>
     „Bože, Bože, čo mi povie Eva? Och, och, čo som nepojal na jarmok i ju? Čo som len šiel sám? Tá mňa dočista zabije.“
    </tei:p>
    <tei:p>
     Trhový pán richtár mal dnes mnoho práce, preto sedí si teraz pri ohnisku, ale
    </tei:p>
    <tei:p>
     Pán richtár odložil krpec na lavicu, sňal z očí okuliare a celkom ľahostajne im odpovedá:
    </tei:p>
    <tei:p>
     „Neprijal som nič, len som zaplatil.“
    </tei:p>
    <tei:p>
     Na čele sperlil sa mu pot a v ňom každý vlas sa kúpal, ani čo by ho bol horúcou vodou oblieval. Keď pomyslel na stratenú jalovicu a Evu, zuby mu od strachu zdrkotali. Keď mu prv bolo v hlave hmlisto, teraz sa mu dôkladne rozbrieždilo, ani čo by opitého uložil do kvetúcich konopí. Začal pekným spôsobom dorážať do kmotra:
    </tei:p>
    <tei:p>
     „Dobre, ja pristanem, ale vy mne najprv dajte polovicu jalovice.“„Ale jalovica nie je moja.“
    </tei:p>
    <tei:p>
     „Ba je nie jeho,“ ohlásil sa pán richtár, „veru tá jeho nezovie pánom. Tá je zlodejova.“Krt sa mrzute poškrabal za uchom. Už mu plač začal koniec nosa štekliť.
    </tei:p>
    <tei:p>
     „Pravdaže je nie moja, preto si pýtam nazad peniaze.“
    </tei:p>
    <tei:p>
     „Vidíte,“ povedá pán richtár, „máme sa najprv obzrieť o statok a len potom o hrdlo.
    </tei:p>
    <tei:p>
     Mali ste si jalovicu zabezpečiť a len potom oldomáš piť; lebo jalovica má nohy, tá ľahko utečie, ale sklenica neutečie.“
    </tei:p>
    <tei:p>
     Keby nie vy, mohol som už byť doma. Ja idem — čo tu budem robiť? Dobrú noc, pán richtár!“
    </tei:p>
    <tei:p>
     To!“
    </tei:p>
    <tei:p>
     „Lakomec, nejdem ďalej s tebou! Veď ti moja žena ukáže — ej, ukáže!“„A moja ti vari odpustí! Ty me-e-e-ek!“
    </tei:p>
    <tei:p>
     Ani Krt mu neodpustil, skríkne naň: „A ty kikirikí!“
    </tei:p>
   </tei:div>
   <tei:div type="chapter">
    <tei:head>
     6.
    </tei:head>
    <tei:p>
     Adam Krt so zvesenou hlavou kráča k svojej dedine Adamovciam. Hlava mu oťažela od užitých oldomášov a od starostí a trápenia. Nedbal by ju niekam oprieť a pospať si. No ale má si do snehu ľahnúť? Nie do snehu, nie ľahnúť; zápasí celou silou s ťažkou cestou konanou uzučkým vyhladeným chodníkom. Nohy sú ako centy, ani čo by tie súkenné kapce boli podbité olovom a železom. Do nich vliezol užitý trúnok a zaputnal ich. Nohy podkľakujú, hocikedy i ušmyknú sa do kyprého snehu, no tu nadloží sa čugaňa a zachráni svojho gazdu od pádu. Tá mu slúži za tretiu nohu. Nie, nedal by ju ani za zlatého somára.
    </tei:p>
    <tei:p>
     Ťažká chôdza rozohriala ho a oldomáše zaľahli mu v hlave. Čím ďalej kráčal, tým menej bol povedomý  samého seba. Všetko sa mu pomútilo v hlave; nezná, či sníva a či v skutočnosti kráča; len udalosť s jalovicou nezišla mu z umu. Jalovica, kmotor Trnka sú tie predmety, ktoré mu v hlave strašia; niekedy zjaví sa mu i Eva, a vtedy ho mráz prechodí.
    </tei:p>
    <tei:p>
     Kráča zvoľna, z nohy na nohu, a odvráva si:
    </tei:p>
    <tei:p>
     človek, o peniaze ma pripravil. Ten zlo—“ Nedopovedal, lebo sa mu noha pošmykla. „Ale kde je? Či ide, či zostal v meste? Nože sa obzrime!“ A Krt, obzrúc sa, videl Trnku asi na dve strelenia kráčať.
    </tei:p>
    <tei:p>
     Krt dochodí k potoku, nad ktorým úzka lavička; na druhom brehu stojí stará bútľavá vŕba. Krt, pozrúc na lavičku, vidí, že mu pred očami tancuje. Nemôže nijako vykročiť na ňu. Čo raz podvihne nohu, to mu kročí mimo.
    </tei:p>
    <tei:p>
     „Lavička, netancuj, pekne stoj, aspoň kým ja prejdem. Ale tamtoho, čo príde za mnou, zhoď ta, do vody!“
    </tei:p>
    <tei:p>
     „Tak, už som tu! Chvalabohu, že ma lavička nezhodila; nebol by to užitočný kúpeľ.
    </tei:p>
    <tei:p>
     Odtiaľto pôjdeme voľne, z nohy na nohu. Och, Eva, Eva, čo ti odpoviem, keď budeš pýtať peniaze? Och, och! Chvalabohu, že som kúpil srdce. Keď prídem, sadnem k stolu a poviem jej: Na, Evička, kúpil som ti srdce, i za šesták marcipánov. Kým to zje, za ten čas na peniaze zabudne.“
    </tei:p>
    <tei:p>
     Mátoha rovno oproti Krtovi rozšíri ramená, akoby ho objať a so sebou vziať chcela. No nemôže sa akosi až k nemu dopraviť, lebo hodí sa vše na zem, až zamrznutý sneh od toho pádu zavrždí. Krt, vidiac nerovné, prežehnal sa po kresťansky. Zuby mu od strachu drkotali, takže jeden na druhý ani nestačil dopadať. Adam mlčí, len sám v sebe myslí:
    </tei:p>
    <tei:p>
     Mátoha vyskočila vozvysok a padla na zem, aká dlhá bola. Krta opustila všetka smelosť, skrčil sa a hľadal bútľavý otvor vŕby. Na šťastie bol otvor veľký a Krt malý, i tiahol
    </tei:p>
    <tei:p>
     sa do vŕby, a to tanistrou vpred, aby sa jej dajako neuškodilo. Ako sa tak title, nohy sa mu na chodník uvezú, a milý Adam je už, chvalabohu, dnu. Búšil sa hlavou o vŕbu, ba aj tanistru pritisol chrbtom o vnútro vŕby, i schrapšťalo mu to v nej, ako čo by roztrhol razom pol štvrtníka orechov. No on je len rád, že sa pred mátohou ukryl. Ale tá ešte posiaľ neodišla, ba kníše sa mu pred očami zboka nabok. Vypne sa, vyskočí a hodí sa Adamovi na kolená, ktoré v otvore vŕby ako krosná postavil. No ten sa pochlapí, chytí čugaňu a prásk po mátohe.
    </tei:p>
    <tei:p>
     Mocný úder zadudnel na jej dlhom hrdle, ktoré sa rozsypalo a odpadlo; i pádi od vŕby mátohin krátky driek, ometajúc dlhým chlpatým chvostom. Bol to pes, dlhé hrdlo bola dbanka. Pes vošiel niekam do kuchyne a chcejúc mlieko vychľaptať, vopchal hlavu do dbanky, no nemohol ju stadiaľ vytiahnuť. Nevediac si rady, bežal poľom, až ho Krt od nej oslobodil.
    </tei:p>
    <tei:p>
     Krt vidiac, ako udatne bojoval s mátohou, vykríkol:
    </tei:p>
    <tei:p>
     Prple sa v čerstvom snehu, akoby celú cestu chcel svojimi kapci preniesť. Akoby s niekým šiel, rozkladá si rukami:
    </tei:p>
    <tei:p>
     Adam, pozor na ľade; Krt, pozor, aby si nepadol! A ty, čugaňa, drž. Tak, tak, tak! No — už som tu, už som na podstene. Pozrimeže, čo tá Eva robí, prečo tak dlho svieti? Potichu, len oblôčikom kuknime, aby nás nezbadala. Aha, aha, ako si sedí a pradie. Ach, moje nebožiatko, ono mi pradie. Ale to nie moja Eva. Nech som Kubo — nie! Krt, Krt, kde sú ti okále, že si ju hneď nepoznal? Bože, strigy mi vzali Evu a miesto nej túto špatu dali! Veď je táto čertu podobná, a moja Eva je pekná. Mne sa všetko pozdáva, že je toto Trnkova žena. Nuž, pravdaže; hej, to je ona s takým roztľapkaným nosom. Ale čo chce v mojom dome? Trnkuľa, a v mojom dome! Už viem, oj už viem! Akiste prišla žalovať Eve, že som s jej mužom pil. A veru to bude! Ale dobre, žaluj, a ja dbám! Hoj, moja Eva mi neurobí nič, nesiem jej srdce i marcipány. Ale keď mojej tu niet! Kdeže si? A už v izbe jej niet! Iba ak v posteli; už akiste bude spať, lebo si včas líha. Ale kde je posteľ? Nuž veď tu postele niet! Eva posteľ kamsi podela, lebo jej niet pri kozube. Ej, ba je tu, hľa, pri samom stole. Ale naša býva pri kozube. Iba ak by ju bola k stolu preložila dnes, keď mazala. Ale načo by to bola robila? Toto nie môj dom. Ja sa mu nepriznávam. Veď ani šidla niet do povaly zabodnutého, ani hodín. To nie môj dom. Poďme ho hľadať.“
    </tei:p>
    <tei:p>
     „No, tu je môj dom! I nové vráta sú tu. Ale akosi prešiel vyše Trnkovho a Trnkov niže môjho. Počkajte, ako voda tečie, to je najistejšie. Nuž keď ideme do Čepiaroviec, ideme najprv popri mojom, a keď do Mrhanova, popri Trnkovom. Ba nie, prv popri Trnkovom a len tak popri mojom. Ale čo, ten bol Trnkov a toto je môj. Ale či naozaj? Veď tu sa ani nesvieti, a moja Eva by nesvietila! To by bolo! Akokoľvek, tento dom je nie môj. Ja sa mu nepriznávam. Čo sa len od rána v týchto Adamovciach porobilo? Domy akosi popreskakovali. Ale zavolám do izby, povedia mi, čí sú.“
    </tei:p>
    <tei:p>
     A Krt zaklopal na tmavý oblok a zavolal na spiacich:
    </tei:p>
    <tei:p>
     Iba ak by som sa do druhej dediny zatáral. Ach, Božemôj, číže som? Ak mám čugaňu, Krt som, a ak palicu, Trnka som. Ale ja som predsa len Adam Krt, kapčiar z Adamoviec. Ale nezaškodí, keď sa opýtam ešte raz.“
    </tei:p>
    <tei:p>
     Keď prišla až k nemu, nachýli sa k nej, prizerajúc sa jej pilne do tváre, akoby ju nemohol poznať. V tej neistote pýta sa jej:
    </tei:p>
    <tei:p>
     Eva od jedu osinela ako šata. Skočí k mužovi, zodeje mu halenu a pozerá mu do tváre.
    </tei:p>
    <tei:p>
     „No, ale si hodný ako kšu. Veď ty, človeče, petrolejom smrdíš!“
    </tei:p>
    <tei:p>
     „Vidíš, Eva, ty na mňa kričíš nič po nič. Ja som ti nikdy ešte neublížil, ale vždy ťa na rukách nosil. Aj teraz som ti kúpil marcipán. Na, vezmi!“
    </tei:p>
    <tei:p>
     „To si ty zjedz. Veď smrdí fištránom.“
    </tei:p>
    <tei:p>
     „Tu je bryndza na zaliepance!“
    </tei:p>
    <tei:p>
     Dlhá cesta, prekonané námahy, nemierne užitý nápoj a náhla premena náteplia dotkli sa Krta mocne, takže upadal pomaly v ťažký sen. A preto čo by koľko žena kričala, on z toho nerozumie nič, len z polosna zamumle pod nosom pár nesúvislých slov. Mihalnice sú ako z olova, zaťaželi jedna na druhú, a milý Krt si už odfukuje, ani čo by ho bol ukolísal.
    </tei:p>
    <tei:p>
     Nevyzlečený vyvalí sa na lavicu za stôl a chrápe, ani čo by drapačky driapali. Zarmútená Eva tiež zadusila svetlo a ľahla si. No dlho roj nepokojných a trápnych myšlienok zaháňal jej žiaduci sen z oka. Konečne nado dňom čosi zasnula, ale i to bol sen viac unavujúci než občerstvenie poskytujúci.
    </tei:p>
   </tei:div>
   <tei:div type="chapter">
    <tei:head>
     7.
    </tei:head>
    <tei:p>
     Bolože dobre Krtovi, kým snil. Zabudol na všetky neresti a biedy svojho života. Veru by nedbal, čo by mohol do súdneho dňa takto za stolom ležať a také milé snívať. Veď sa mu prisnilo, že jalovica je tu a že ju sám doviedol domov. Ešte keď sa prebudil, držal päsť mocno zavretú, aby sa mu z nej nevytrhla. Snívalo sa mu, že fľašky sú celé a všetok tovar v poriadku. Slovom, Krt, kým snil, bol ako v nebi. Ešte i keď prebudil sa a videl Evu už sedieť pri stole a priasť, spokojný sám so sebou usmieval sa na ňu. No trhol sa na tvrdej lavici, vidiac na žŕdke
    </tei:p>
    <tei:p>
     zavesenú včerajšiu tanistru s veľkým mastným fľakom a na stole paklíky včera kúpených a potom umačkaných drobností. A keď teraz už pozrel lepšie na Evu a na jej dočervena vyplakané oči a smutnú tvár, verte mi, smiechoty mu prešli, ba šlo i jemu skoro do plaču. Ľutoval úprimne všetky svoje včerajšie priestupky, sám sebe nadával v duchu do ožranov a naničhodníkov a dva razy sa pošepky zaprisahal, že viac nikdy  rozólišu piť nebude, a čo by ho celá rieka tiekla. Ale čo mu to už dnes osoží? Či si za to kúpi čo i len zápaliek, nieto jalovicu? Svedomie mu správne vytýkalo, že včera ráno mal si to predsavzať a vykonať.
    </tei:p>
    <tei:p>
     Rozmýšľal, ako by mohol ženinej kázni ujsť. Utíšil sa za stolom, nechcejúc vyjaviť, že je už hore. No zaspať nemožno. Čo Eva raz vzdychla, to ho zakaždým bodlo, akoby ho bol ovad uštipol. Neopovážil sa ani údom pohnúť, hoci holá lavica dosť omínala ho. Tak sa cítil, akoby ležal v tŕní. Ani len nedýchol hlasnito, aby neobrátil na seba pozornosť ženinu.
    </tei:p>
    <tei:p>
     Adama prešiel mráz, lebo Eva šibla už raz okom za stôl, chcejúc snáď presvedčiť sa, či jarmočník ešte spí. Jeho predtým otvorené oči bleskorýchlo zapreli sa a tvár, ako len možno, je vážna a spokojná. Od tých čias neopovážil sa otvoriť oči, bojac sa, že Eva zbadá jeho bdenie, a začne mu čítať lekciu. So zavretými očami vzdychá sám sebe:
    </tei:p>
    <tei:p>
     „Ach, ako plače, nebožiatko! A ešte ani o jalovici, ani o oldomáši nevie. Ó, ja biedny človek, ako jej to vypoviem? Čo jej poviem, keď bude peniaze pýtať? Ja sa pominiem od žiaľu.“
    </tei:p>
    <tei:p>
     Chytro sa obliekol, kľakol k stolu a nábožne sa modlí. Nikdy mu modlitba tak zo srdca neprýštila ako dnes; prosí z neba pomoc v tejto veľkej biede. Modlí sa dlho-predlho, skoro dva razy toľko ako inokedy, len aby zvadu odtisol. No ani modliť nemohol sa do večera, vstal od stola a bral sa do práce. Riadna ranná práca jeho bývala švábku škrabať. Inokedy, pravda, kým sa chytil do toho, mohol by bol i desať ráz naškrabať; musel sa vše aspoň tridsať ráz
    </tei:p>
    <tei:p>
     vytiahnuť a tridsať ráz zažívať, akoby bol chcel tú naškrabanú švábku i s opálkou zjesť. Eva sa ho vše natisla do tej práce ako nadutý mechúr do vody. No dnes nemusela mu ani slovom rozkazovať, lebo sám od seba chytil sa do práce. Inokedy musela mu navyberať čo najväčšej švábky, len aby sa s tým nemilým škrabaním čím skôr odbavil. Dnes navyberal si samého drobizgu a pokorne sadol na nizučký stolček. Škrabe pekne dočista; vyberá i z jamiek, len aby Eva bola s ním spokojná a nemala príčinu zadrapiť sa doň.
    </tei:p>
    <tei:p>
     A ona len pradie a pradie, ani len nepozrie na muža. No Adam vie, že neujde jej jazyku, že Eva už len nad tým premýšľa, ako začať harmatanc. Aby sa kázeň odtisla, začal spievať rannú pieseň. Inokedy i Eva chytila sa a obom to išlo lepšie než samému Krtovi, ktorý má aj tak mizerný, zachrípnutý hlas. No dnes ona mlčí ako ryba a sedí ticho ako krapeň na panvici. A tak milý Krt spieva a zaťahuje si sám a sám, len hocikedy kohút z pánta jedným kikirikí zamieša sa mu do remesla. Švábky je už dosť, treba rozložiť oheň a k nemu panvu pristaviť. To všetko vykonal Adam sám. I piesne mu vyšli, lebo viac ich už nevedel
    </tei:p>
    <tei:p>
     Eve je už slovo na jazyku; len nevie, ako má začať. Krt previnil sa včera toľko, že ťažko je vynájsť najťažší priestupok. Keby bol jedno previnil, iste by sa už bolo sprášilo na ňom.
    </tei:p>
    <tei:p>
     Krt trpezlivo čaká začiatok. Čím väčšmi Eva s kázňou odťahuje, tým väčší strach sa ho zmocňuje, lebo vie, že tým ostrejšia bude.
    </tei:p>
    <tei:p>
     Tak nadišiel konečne smutný okamih. Eva začala, ale len s otázkou.
    </tei:p>
    <tei:p>
     „Šiel si len sám z jarmoku?“
    </tei:p>
    <tei:p>
     „Povedz mi, človeče,“ pokračovala Eva, „čo si tam robil do polnoci?“
    </tei:p>
    <tei:p>
     On sa pobral za vidna!“
    </tei:p>
    <tei:p>
     „Ó, to verím; keď tak doberieš, potom už hlava voľky-nevoľky máta.“
    </tei:p>
    <tei:p>
     Povzdychol si zhlboka.
    </tei:p>
    <tei:p>
     „Čože vzdycháš? Čo ti je? Hej, ja už vidím, že si čosi s peniazmi porobil.“
    </tei:p>
    <tei:p>
     „Koľko si z nich prepil?“
    </tei:p>
    <tei:p>
     „No, kde je jalovica, há?“
    </tei:p>
    <tei:p>
     Prestrašená Eva netušila nič dobrého z týchto častých vzdychov. Pýta sa muža:
    </tei:p>
    <tei:p>
     „Zhynula.“
    </tei:p>
    <tei:p>
     Konečne doložil: „Tridsaťpäť zlatých.“
    </tei:p>
    <tei:p>
     Dal si mu teda tridsaťpäť?“
    </tei:p>
    <tei:p>
     Adam číta peniažky na stôl. Prevracia meštek naopak i na líce, aby videla, že si nenecháva nič. Vyčítal na stôl tridsať zlatých i desať grajciarov. Žena, zhrnúc peniažky do mešteka a schovajúc tento do svojej kešene, podáva mužovi od včerajška petrolejom zafúľaný kožuštek, rozkazujúc mu:
    </tei:p>
    <tei:p>
     V Krtovie dome nastalo ticho. Eva tíško pri ohnisku plakala: veď všetko v dome upomínalo ju na žiaľ a stratu. Muž ľahkomyseľný, ona opustená.
    </tei:p>
    <tei:p>
     Keď sa rozvidnilo, nové vráta u Krtov zavŕzgali. Eva skočí k obloku, pozrie na dvor a zhíkne od radosti. To, čo tam vidí, teší ju nesmierne a pudí od nej bôľ a žiaľ.
    </tei:p>
    <tei:p>
     Sused Trnka z polootvorených dverí zavolal do izby:
    </tei:p>
    <tei:p>
     „Hej, čiže sme už dávno neboli tu!“ ozvala sa kmotra, vstúpiac do Krtovie izby.
    </tei:p>
    <tei:p>
     „Sadniteže si, sadnite!“ a Eva ometala lavice pre vzácnych hosťov.
    </tei:p>
    <tei:p>
     „Hej, zlú som ja mal noc! Iba o jalovici sa mi plietlo. A kmotor, viem, že ešte horšiu. Ale kde je kmotor?“ opytuje sa Trnka.
    </tei:p>
    <tei:p>
     „Kmotor mal i ráno zlé, lebo dostal. Ktovie, kde chodí; musel ísť jalovicu hľadať. Ale kde ste ju vy tak chytro našli? Povedzteže, povedzte!“ prosí ich Eva Krtovie.
    </tei:p>
    <tei:p>
     Trnkuľa povedá:
    </tei:p>
    <tei:p>
     muža s kmotrom; nahnevalo ma to ešte väčšmi, lebo som sa nazdala, že mernô pijú. Volám ich domov, ale tí sa nechcú ani pohnúť: odišla som sama. No jalovice mi bolo ľúto;
    </tei:p>
    <tei:p>
     Pojala som ju teda domov a uviazala do maštale. Muž večer prišiel pod hejnom, nevedel o svete ničoho - nič, až teraz ráno keď mi začne čítať tridsať zlatých, čo bol včera za jalovicu dostal.“
    </tei:p>
    <tei:p>
     „Akých? Rovných tridsať,“ povedá Trnková.
    </tei:p>
    <tei:p>
     „No, čo je už ako, môj muž zaplatil tridsaťpäť zlatých,“ dotvrdzovala Eva.
    </tei:p>
    <tei:p>
     „Ale ja som prijal len tridsať,“ osvedčoval sa Trnka.
    </tei:p>
    <tei:p>
     „Preto si ma ty nechcel do Krtov pustiť! Bál si sa, že sa s kmotrou dohovorím a vyzviem tvoj klam. Kam si podel piatku? No, povedz! Daj sem! No, povedzte, kmotra, či možno s takýmito oplanmi vyjsť? Aby ho žena vždy na povrázku vodila; ak ho len popustí, už urobí škodu.“
    </tei:p>
    <tei:p>
     Sem ich daj, budú mi na soľ!“
    </tei:p>
    <tei:p>
     „Pozrite ho, ľudia boží, veď je to zlatník! Hahaha! Veru si mi pochodil. Verí sa, že nemá len dvojšesták, a teraz miesto neho vytiahne zlatník!“
    </tei:p>
    <tei:p>
     „Na, tu ti je ešte jeden, a ostatný. Nechcem mať z toho ani špetky. Ale ak z tých peňazí strovíš len márny grajciar, dám ťa ako márnotratnicu s trúbou po dedine vodiť. A vy, kmotra, nemyslite si, že som ja opitý. Ja som dostal len tridsaťtri zlatky, a že som ich už oddal mojej žene, mi budete svedkom. A ty, Eva,“ obrátil sa k žene, „vyplatíš Jakuba, dáš mu tri zlatky. Tie som chcel dať jemu, lebo nechcem byť nikomu dlžen.“
    </tei:p>
    <tei:p>
     „Kmotra, je to po kresťansky? Muža vyprášiť z domu, a to na lačný žalúdok!“
    </tei:p>
    <tei:p>
     Krtová sa zamyslela. Ľutovala muža, že ho tak ukrutne vyhnala. Trnka sa pýta: „A bol smutný, keď odchodil?“
    </tei:p>
    <tei:p>
     „Nuž tak! Najlepšie! Nech gazda ide preč z domu pre jednu srsť. Nech sa muž ide pásť. Či neviete, že kmotor je ľútostivý? A ak si niečo urobí?“
    </tei:p>
    <tei:p>
     A Trnka aj tak urobil. Zamieril kroky svoje do Mrhanova, hľadal ho ako ihlu, no Krta nič a nič.
    </tei:p>
    <tei:p>
     Trnková bola celý deň u Krtovej na priadkach. Obe čakali mužov. Prišiel večer, nedočkali ani posla, ani osla, ani nič.
    </tei:p>
    <tei:p>
     V druhý deň Trnková pribehla povedať kmotre, že Trnka len neskoro v noci vrátil sa, ale jej muža nikde nenašiel. Dnes ešte za tmy odišiel ho hľadať.
    </tei:p>
    <tei:p>
     Obom kmotrám tento deň pomaly plynul. Ledva sa domodlili večera. Na mraku prišiel Trnka bez Krta.
    </tei:p>
    <tei:p>
     V tretí deň zase chytil sa do hľadania. Pochodil všetky okolité dediny, no večer nedoviedol sebou kmotra. To bolo práve dňom pred Luciou.
    </tei:p>
    <tei:p>
     V nasledujúci deň chodil Trnka po okolitých dedinách, pochodil všetky krčmy i gazdovské domy, vyspytoval sa ľudí, či nevideli takého a takého malého chlapa s čugaňou v ruke, s krivou nohou, dlhým nosom a bez zubov; ukazoval im, aká je jeho chôdza, ako napaduje na jednu nohu a ľavou rukou zametá. Ľudia sa smiali, že takej potvory ešte nikdy nevideli, a prosili Trnku, aby im ho doviedol, ak ho niekde nájde, aby sa naň podívať mohli. No Krta nič a nič, akoby bol vliezol do zeme.
    </tei:p>
    <tei:p>
     Eva celý deň plakala nad strateným Adamomsvojím; ale úfajúc, že predsa len príde, každý deň mu navarila sladkej hriatej. Trnkovi sa veru uhovelo; on ju vše miesto kmotra vypil, keď samotný sa z cesty vrátil. Eva na Luciu večer ani kmotre nedala sa potešiť. Trnka jej už nevyčitoval, že zahnala muža, vidiac, ako tá chuderka i beztak sa zožiera preňho. Kmotor Trnka sprvu chválil Krta, že sa svojej žene tak prekryl, ba i sám umienil si niekedy svojej Eve tak strachu nahnať; no po toľkodennom márnom hľadaní dnes pevne verí, že kmotor už nežije.
    </tei:p>
    <tei:p>
     V dedine rozličné chýry kolovali o stratenom Krtovi. Ženy na priadkach len o ňom sa zhovárali. Jedna povie:
    </tei:p>
    <tei:p>
     Vtom vietor zatriasol oknami, až zahrkotali; totka Rapavie ohlási sa z prípecka:
    </tei:p>
    <tei:p>
     „Ktože nám bude kapce šiť?“ nadhodila totka Rapavie; bála sa o Krta, lebo od troch rokov mu je za kapce dlžna.
    </tei:p>
    <tei:p>
     Starý Adam, jej muž, dosvedčil jej:
    </tei:p>
    <tei:p>
     „Neviem, ako sa jej bude bez neho gazdovať. Viem, nebude nosiť široké ako šindoľ čepce a na nich červené ako plameň stužky,“ doložila Eva spod zvonice.
    </tei:p>
    <tei:p>
     „Ale sa aj mazne za ním. Nuž teraz už veru môže si vyplakať oči, keď ho raz vyhnala!
    </tei:p>
    <tei:p>
     Už ho nevyplače, a čo by ho nechtami hrabala zo zeme. Už je darmo!“ hovorí Eva Štítomdopotoka, ktorá sa hnevala na Krtovú, že kedysi jej bola Krta predchytila.
    </tei:p>
    <tei:p>
     „Ale čert ho vezme! Zlá zelina nevyhynie. Nenazdáme sa, keď zdakadiaľ prikvitne.
    </tei:p>
    <tei:p>
     Hoci je len ako päsť, ale figliar od koreňa; nikdy pravdou nedýchne, len na samých fígľoch žije,“ rozhodol a dokončil hádku Adam Vrčnaň.
    </tei:p>
    <tei:p>
     Škoda Krta, preškoda! Kmotor ho už i po horách hľadal, že ak by sa bol zmárnil; no hľadaj-nehľadaj, Krta len nič a nič. Trnka sa škrabe za ušima, len sebe dávajúc príčinu.
    </tei:p>
    <tei:p>
     Horekoval si:
    </tei:p>
    <tei:p>
     A akože by neplakala? Pozajtre sú už Hody, a muža nič a nič. Už vylúčila i ostatnú nádej, že by ho kedy videla. Vyše týždňa ho už hľadajú, a nemôžu nájsť. Každý človek, čo ako zďaleka, aspoň na tie Hody tiahne sa domov. Keby on žil, isto by aj on už bol prišiel. O seba ona nedbá nič, ku sviatkom nehotuje sa ničím, neobzrie sa o žiadnu vec. Veď ona nemusí mať na Hody zaliepance a parády, keď je len samotná; jej i pečená švábka dostačí.
    </tei:p>
    <tei:p>
     Trnka ešte vždy chodí po okolitých dedinách a mestách; už toto tretí deň, čo zas ani do domu nenazrel. No Eva neúfa už v návrat mužov. Veď kdeže by sa aj vzal? Ten už niekde zamrzol, tam ho sneh zavial; iba v jar, keď skopnie, nájdu miesto jej Krta zamrznutú krkošku.
    </tei:p>
    <tei:p>
     Už i v noci pletie sa jej s ním. Predstaví sa jej ako mŕtvola s obmrznutými údmi a s vyďobanými očima. Ona sa strhne, prebudí a začne za ním vykladať, a to potom trvá až do božieho večera.
    </tei:p>
    <tei:p>
     Dnes po iných domoch hotujú sa už k Štedrému dňu. Chlapi rúbu drevo, režú sečku; ženy obstarávajú múku k zajtrajšiemu pečeniu. Len Eva mlčí, ani len neobzrie sa o nič; ide do maštale, tam sa vyplače – to jej dnešná ranná robota. Príduc do izby, vyloží pred seba mužov kabát a vykladá nad ním:
    </tei:p>
    <tei:p>
     Môj dobrý, drahý Adam! Bože, Bože, už sa zmárnil alebo zamrzol! Neborák Krt, ach môj milý Adam!“
    </tei:p>
    <tei:p>
     „Eva, žena, čo ti je? Hej, tu som, tu!“
    </tei:p>
    <tei:p>
     „Kmotra, vidíte, že som ho našiel! Nepovedal som vám: reku, pamätajte, že vám ho dovediem, a doviedol som ho.“
    </tei:p>
    <tei:p>
     „Triatridsať,“ znela odpoveď.
    </tei:p>
    <tei:p>
     Krt obrátil sa k žene:
    </tei:p>
    <tei:p>
     Od týchto čias nikdy nik neuvidí ma piť. Vy budete svedkovia.“
    </tei:p>
    <tei:p>
     „Nikdy, a čo by bola ako med!“ zatákol ho Krt, udrúc sa v prsia.
    </tei:p>
    <tei:p>
     Trnkovci odišli a Krt sadol k žene a rozprával jej, čo zažil od svojho odchodu v tom širokom svete.
    </tei:p>
    <tei:p>
     No kmotra Trnkovie nemohla toto všetko zdržať na jazyku. Vedieť, že Krt je doma, a nikomu to nepovedať, bol by pre ňu neodpustiteľný hriech. Zápražku nechala zápražkou a bežala do Rapavých na priadky. Všetky tam zídené ženy híkali a híkali nad novinou, ktorú od Trnkovej počuli. Ba i starý gazda Adam, zapekajúc fajočku na kozube, prišiel o nový pipasár, lebo tak pilne počúval, že fajku v ohni zabudol.
    </tei:p>
    <tei:p>
     Adam Vrčnaň s radosťou dodal:
    </tei:p>
    <tei:p>
     A ako vypočuli všetko od a do zet, trochu pohovorili spolu, ale začal im už pupenec na jazyku rásť. Aby nedostali z toho chorobu, rozutekali sa po domoch a všade rozprávali o návrate Krtovom. O hodinu vedela to celá dedina. Celý deň sa len o tom rozprávalo; na večer na priadkach už bolo počuť, že Trnka našiel svojho kmotra až tri dni chôdze za Trantáriou, že tam ľudia i strechy popradú, že je tam píla, čo pol hory naraz rozpíli, že Krt doniesol žene stovku, čo tam zarobil. Na Hody ľudia dívali sa v kostole naňho ako na nejakú morskú potvoru, a od tých čias zostal váženým občanom v Adamovciach.
    </tei:p>
    <tei:p>
     Ale on to uváženie i zaslúži, plniac verne sľub po návrate svojom urobený: nedotkne sa vôbec žiadneho nápoja, okrem vody.
    </tei:p>
    <tei:p>
     A všetko mu ide ani po masle. Dnes už má štyri voly a oviec ako hmýru, že ani ovčiareň nestačí. A to je pravda; kto neverí, nech ide do Adamoviec a navštívi ho. Pravda, je to priďaleko; kým by ste ta prišli, mnoho by ste krpcov podrali: preto žite tak, ako náš drahý Adam Krt po mrhanovskom jarmoku, a sami na sebe skúsite, že to svätá pravda.
    </tei:p>
   </tei:div>
  </tei:body>
 </tei:text>
</tei:TEI>
