<TEI xmlns="http://www.tei-c.org/ns/1.0" xmlns:tei="http://www.tei-c.org/ns/1.0" xmlns:eltec="http://distantreading.net/eltec/ns" xml:lang="slo" xml:id="SLK2012943">
  <teiHeader>
    <fileDesc>
      <titleStmt>
        <title ref="ISBN:978-80-8101-278-5">V cudzine : ELTeC edícia
        </title>
        <author ref="viaf:42640171">Maršall-Petrvoský, Gustáv (1862-1916)</author>
        <respStmt>
          <resp>editor</resp>
          <name>Marek Vician</name>
        </respStmt>
      </titleStmt>
      <extent>
        <measure unit="words">2879</measure>
      </extent>
      <publicationStmt>
        <p/>
      </publicationStmt>
      <sourceDesc>
        <bibl type="printSource">
          <author ref="viaf:42640171">Maršall-Petrvoský, Gustáv (1862-1916)</author>
          <title ref="ISBN:978-80-8101-278-5">V cudzine</title>
          <pubPlace>Bratislava</pubPlace>
          <publisher>Kalligram</publisher>
          <date>2012</date>
        </bibl>
      </sourceDesc>
    </fileDesc>
    <encodingDesc n="eltec-1">
      <p/>
    </encodingDesc>
    <profileDesc>
      <langUsage>
        <language ident="sk"/>
      </langUsage>
      <textDesc>
        <eltec:authorGender key="M"/>
        <eltec:size key="short"/>
        <eltec:canonicity key="unspecified"/>
        <eltec:timeSlot key="T3"/>
      </textDesc>
    </profileDesc>
    <revisionDesc>
      <change when="2023-12-26">
        Initially created as an ELTeC file
      </change>
    </revisionDesc>
  </teiHeader>
  <text>
    <front>
      <div type="titlepage">
        <head>V CUDZINE</head>
      </div>
    </front>
    <body>
      <div type="chapter">
        <head>
          I.
        </head>
        <p>
          Konečne nemohlo sa ani povedať, že by bol pekný býval, vzdor tomu ale
          všeobecne páčil sa.
        </p>
        <p>
          Pod kaderavými, belavými vlasmi klenulo sa významné čelo, obrvy
          tmavej farby krúžili prižmúrené jasnomodré oči, orlí nos, úzke pery,
          malá kučeravá brada, štíhla postava, útle formy bielych rúk a nôh - to
          asi obraz jeho. Istotne rieknete: to žena! A máte sčiastky pravdu.
        </p>
        <p>
          Pavel Lietavský nemal vo svojom zovňajšku nič rázneho, nič muž-
          ského. Úprimne priznajúc, nedobrý dojem urobil na mňa, keď mi ho
          predstavili. Nerád vidím muža Slováka vo šviháckom odeve.
        </p>
        <p>
          Obe ruky podával mi, keď počul moje meno. Večné vrásky na čele
          zmizli, prižmúrené mihalnice šibli nahor, odcloniac krásne, hlboké oči.
        </p>
        <p>
          Vítam vás medzi nami. Mnoho pekného som o vás počul, teším sa
          vašej známosti,“ riekol hlbokým basom.
        </p>
        <p>
          Vrátil som mu poklonu.
        </p>
        <p>
          Domnelý švihák trpko odpovedal.
        </p>
        <p>
          „Nebárs pestujem frazeológiu. Môžete byť presvedčený, že vyrazil
          som len svoje city.“
        </p>
        <p>
          Zadivene obzrel som muža. Oči mu boli zas sklopené a vráska špatila
          čelo.
        </p>
        <p>
          Druhý deň videl som ho na ulici. Šiel ľahkým krokom, klobúk do
          čela vtisnutý, no po očiach bolo mu vidieť, že i vráska na čele ide s ním.
          Poklonil som sa mu.
          <pb/>Maliar nedokáže na plátne vyviesť tú premenu, ktorá sa s ním v oka-
          mihu stala. Prívetivejšej, milšej tváre snáď niet, ako jeho bola, keď
          usmievavo tiskal mi pravicu. Jeho modré oči boli takým naivným vý-
          razom radosti uprené na mňa, ako oči žiačika na zbožňovaného učiteľa.
          Ako tie nevinné oči ozaj vyzerajú, keď plameň hnevu v nich blčí?
        </p>
        <p>
          Spoločnosť, do ktorej som spolu s Lietavským chodieval, tvorili samí
          Slaviani. Väčšinu zastupovala študujúca mládež, bolo ale i mnoho dip-
          lomovaných mužov.
        </p>
        <p>
          Lietavský patril medzi najmladších, práve preto divil som tomu, žeon
          vedie v celej spoločnosti prvé slovo. Konečne by som tomu bol porozu-
          mel, keby som u Lietavského len kus energie bol zbadal: ale nič! Nuž ale
          prišiel som i na to.
        </p>
        <p>
          Keď mu X. protirečil v dákej zásadnej otázke, vstal, poprechodil sa
          po izbe a sadol si k nemu. Uprel naňho svoje jasné oči a podávajúc mu.
          ruku odvetil:
        </p>
        <p>
          „Máte pravdu, brat môj! Mienil som to len preto tak, lebo vidíte...“
          a potom odôvodnil svoje stanovisko.
        </p>
        <p>
          A to vám môžem riecť, že také vyrazenie myšlienok, takej dialekti-
          ky treba hľadať, akou on svoje názory zastával. X. sa hniezdil, odbíjal
          nápady, lenže vždy a vždy slabšie, konečne uznal, že sa mýlil a že pán
          Lietavský má úplnú pravdu.
        </p>
        <p>
          Bol som mnoho ráz svedkom podobných výjavov, no nikdy nevidel
          som Lietavského náruživo hovoriť. V zvlnenom hlase bolo mu badať
          oduševnenosť, ba i fanatickosť, no tvár vždy tá istá: alebo usmievavá,
          alebo chladná, zachmúrená.
        </p>
        <p>
          Jasná vec, že našli sa v spoločnosti ľudia, ktorým nepozdávalo sa toto
          panovanie: mali veľkú chuť pretrhnúť tento pomer.
        </p>
        <p>
          Medzi týmito bol mladý Srb, Begovič. Bol to muž bujnej krvi. Vy-
          hnaný pre agitácie z územia svojej vlasti, upadol do apatie voči cieľu,
          ktorému sa bol posvätil a až dosiaľ dosiahnuť nemohol.
        </p>
        <p>
          Raz, rozladený týmito myšlienkami, dal pred Lietavským výrazu svo-
          jej chorobe.
        </p>
        <p>
          „Hlavný cieľ života je šťastie. Načo teda zháňať sa po ideách, ktoré
          nám - keďže ich uskutočniť nemôžeme - len trpkou robia prítomnosť.“
        </p>
        <p>
          Celá spoločnosť zdesene pozrela na mladého.
          <pb/>Lietavský pokojne riekol:
        </p>
        <p>
          „Viem, že sám neveríte tomu, čo ste povedali. Ináč by som vás musel
          ľutovať.“
        </p>
        <p>
          To bol olej na tlmený hnev nerozvažitého Srba.
        </p>
        <p>
          Spoločnosť tťpla, keď po hnusnej kliatbe drzo pýtal sa Lietavského:
        </p>
        <p>
          „Čo vás do mojich citov? Kto dáva vám právo mňa ľutovať alebo mne
          závidieť? A potom, čo si vy o sebe myslíte?“ a zhola nadával Lietavské-
          mu.
        </p>
        <p>
          Lietavský stál vedľa neho. Pokojne vypočúval nápadníka, len tu i tu
          zablysli sa jeho oči. Potom chytil rameno udatného Srba a tichým hla-
          som riekol:
        </p>
        <p>
          „Na základe humanizmu mám právo ľutovať človeka, ktorý svoju ma-
          ter gazí. Čo sa druhých vašich zádrapiek týka, počujte: poznám žriedlo,
          príčinu vašej letargie a pripisujem i tie len tej istej chorobe. Vám odpúš-
          ťam - druhému by lebku rozštiepil. Ste spokojný?“ pýtal sa chripľavým
          hlasom.
        </p>
        <p>
          Vtedy som po prvý raz videl v hneve Lietavského. Tvár mu bola hlad-
          ká, len na vyvalených očiach bolo vidieť, že je rozčúlený.
        </p>
        <p>
          Pozrel som na Begoviča. Jeho počernou tvárou preletel ťah telesné-
          ho bôľu pri posledných slovách. Chcel pohnúť pravicu, no tá bola ako.
          v kliešťach. Domnelý švihák mal železné prsty!
        </p>
        <p>
          „Ste spokojný, pýtam sa vás, že ste mi beztrestne nagrobianiť mohli?“
          pridusene hovoril Lietavský.
        </p>
        <p>
          „Odpusťte, brat!“ riekol zahanbený.
        </p>
        <p>
          „Vďačne!“ odvetil dobrodušne Lietavský, pustiac mu rameno, podal
          mu ruku. „Poznám vás, ste statný muž.“
        </p>
        <p>
          A protivníci štrngli si čašami.
        </p>
        <p>
          O chvíľu nebolo žiadnej napnutosti: bavili sme sa výborne až po oby-
          čajný čas.
        </p>
        <p>
          Druhý deň ráno našiel som Begoviča v priateľskom rozhovore s dok-
          torom Lietavským.
        </p>
        <p>
          „Ten človek musí mať magnet,“ myslel som si a nezbadal som, že ten
          magnet ťahal i mňa k nemu.
          <pb/>11.
        </p>
      </div>
      <div type="chapter">
        <head>II.</head>
        <p>
          Bránou nemocnice profesora N., chýrnej kapacity prsných chorôb, vstú-
          pila mladá dáma.
        </p>
        <p>
          Vrátnik nemocnice vytiahol hodinky z vrecka, mrzuto riekol:
        </p>
        <p>
          „Zase tak včas, slečna! Vravel som vám, že nesmiem návštevy k cho-
          rým pred štvrtou púšťať. Včera som vás ešte len mohol hore pustiť, dnes
          mi je to ale zhola nemožné.“
        </p>
        <p>
          »„Dočkám teda,“ riekla pokorne deva.
        </p>
        <p>
          V studených chodbách nemocnice istotne málokedy bolo vídať po-
          dobný zjav. Bola krásna.
        </p>
        <p>
          Deva očividne rozčúlene čakala na štvrtú hodinu. Nie div, veď hore
          leží jej matka už od piatich dní vsmrteľnom zápase.
        </p>
        <p>
          „Môžete už, slečna!“ preriekol vrátnik.
        </p>
        <p>
          Deva sa rýchlo zobrala a pružným krokom stúpala hore schodmi.
        </p>
        <p>
          Práve chcela dvere matkinej izby otvoriť, keď z nich vystúpil pán vy-
          sokej postavy. Bol to prvý pomocný lekár profesora N.
        </p>
        <p>
          „Postojte, slečna!“ povedal deve a zastal jej cestu svojím širokým mo-
          hutným telom.
        </p>
        <p>
          „Pán sekundár, majte zmilovanie,“ riekla úzkostlivo deva.
        </p>
        <p>
          „Bah,“ odvetil cynickým hlasom, „včera ste mi ušli, dnes nemožno.
          Konečne jeden bozk vám nezaškodí a matke si už i tak nepomôžete.
          Rýchlo teda!“
        </p>
        <p>
          Stým objal panenský driek a náruživo celoval jej odhalenú tvár.
        </p>
        <p>
          Mladé dievča následkom hrubého zachádzania, ako i následkom
          bôľu, že pre milenú matku nieto už pomoci, úzkostne vykríklo a napoly
          zamdlené ovislo v rukách brutálneho človeka.
        </p>
        <p>
          Z protivných dvier vystúpil na krik druhý pomocný lekár, doktor Lie-
          tavský.
        </p>
        <p>
          
        </p>
        <p>
          
        </p>
        <p>
          
        </p>
        <p>
          „Čo sa stalo, pán kolega?“ pýtal sa, zarazený videným výjavom.
        </p>
        <p>
          „Čo si prsty pcháte do toho, čo sa vás netýka,“ sekundár dudral je-
          dovito.
        </p>
        <p>
          „Čo vám je, slečna!“ pýtal sa devy.
        </p>
        <p>
          „Tento pán je ničomník,“ štkala ona. „Prenasleduje ma a tamdnu leží
          mi matka na smrť chorá. Pomôžte mi, prosím vás!“
        </p>
        <p>
          te
          <pb/>„Odstúpte!“ zahrmel Lietavský.
        </p>
        <p>
          Vyslúžený Buschenkônig postavil sa k Lietavskému.
        </p>
        <p>
          „Ha, ha! Aký rytier, tento pán Lietavský,“ hovoril úsečne.
        </p>
        <p>
          Slečna ešte nezavrela dvere za sebou, už padol ťažký úder na tvár su-
          rovcovu.
        </p>
        <p>
          Prúd krvi vyvalil sa mu z úst, on ale zatočil sa k stene.
        </p>
        <p>
          Lietavský zacengal, prišla sestra.
        </p>
        <p>
          „Der Herr Secundararzt hat Blutsturz, bringen Sie Wasser.“
        </p>
        <p>
          S tým šiel preč.
        </p>
        <p>
          Devuška-sirota kľačala pri studenom tele.
        </p>
        <p>
          Lietav: ško vstúpil a sadol si na stoličku. Nechcel rušiť posvätný
          smútok devy.
        </p>
        <p>
          „Oj, mati moja draga, Šta iz mene...“ nahlas zaplakala deva a kčovite
          objala mýtvu matku.
        </p>
        <p>
          Zvonku zaklopali na dvere. Deva sa ohliadla a uvidiac Lietavského,
          pristúpila k nemu a s vďakou mu podala mu ruku.
        </p>
        <p>
          „Ďakujem, no vidíte, mýtvu som ju našla,“ šeptala.
        </p>
        <p>
          Vstúpili dvaja páni. Predstavili sa Lietavskému čo poslovia urazeného
          sekundára.
        </p>
        <p>
          Lietavský im nedal dohovoriť.
        </p>
        <p>
          „Na všetko pristávam, páni. Ráno o siedmej v d...ej hore,“ odsekol
          a uhol sa im.
        </p>
        <p>
          Páni sa odporúčali.
        </p>
        <p>
          Deva menovala sa Zorica Jelčičová. Pretože sa matkina choroba
          vzmáhala, presťahovala sa sem z dolných Uhier. Za istý čas chodil pro-
          fesor N. k nim do bytu, potom ale, keď nemocná matka skoro ustavične
          lekársku pomoc potrebovala, preniesli ju sem.
        </p>
        <p>
          „Žiadate snáďnickomu telegrafovať smutnú udalosť?“ pýtal sa Lietavský.
        </p>
        <p>
          Zorka triasla hlavou.
        </p>
        <p>
          „Nie“ odpovedala smutne. „Nemám nikoho. Otec ešte za mladi prišiel
          do Uhier: neboli sme v žiadnom styku s rodinou v Srbsku. Som úplná
          sirota: ani len známych nemám, pretože som len pred polrokom z ústavu
          vyšla,“ lámala zlou nemčinou.
        </p>
        <p>
          „Neviem, či neublížim vám, keď ponúknem vám svoju pomoc?“ pre-
          riekol Lietavský ľúbozvučnou srbčinou.
        </p>
        <p>
          
        </p>
        <p>
          
          <pb/>Zorka zadivene pozrela na mladého doktora a podala mu ruku.
          Zišli dolu. Lietavský zavolal koč, sadli dnu a šli do Zorkinho bytu.
          Zorka sa dívala von oknom. Zrazu sa striasla, ako keď človeka vodou
        </p>
        <p>
          oblejú.
        </p>
        <p>
          „Ak vás ten zajtra zabije?“ prehovorila tlmene. „A to všetko pre mňa!“
        </p>
        <p>
          „Chyba väzí v ňom a nie vo vás. Ostatne o mňa sa nebojte, slečna,“
          odpovedal Lietavský.
        </p>
        <p>
          Zorka sa nazdala, že je súboj ozaj súd boží, zato zadivene pozrela na
          Lietavského takou určitosťou hovoriaceho.
        </p>
        <p>
          A tak sa stalo.
        </p>
        <p>
          Sekundár si síce počas celého súboja strojil seknúť Lietavského, no
          pretože sa bili na tri rany a pretože všetky on dostal, ponechal si to na
          lepšiu budúcnosť.
        </p>
        <p>
          Jelčičkinu mftvolu dal Lietavský na jej priestranný, pekný byt preniesť
          a obstaral pohreb.
        </p>
        <p>
          Najväčšej starosti mu zapríčinila Zorkina budúcnosť.
        </p>
        <p>
          Ako jej domácnosť zariadiť: Sama predsa nemôže bývať!
        </p>
        <p>
          Konečne našiel i tomu spôsob.
        </p>
        <p>
          V nemocnici profesora N. zastávala miesto dozorkyne nad kuchyňou
          a vychovávateľkami pani Závodová.
        </p>
        <p>
          Bola to pani vzdelaná a dobrého slovenského srdca. Lietavský žil s ňou
          vdobrom pomere. Stará pani sa vždy tešila, keď mohla sa dakedy „vyra-
          ziť“ z tej nemčiny a pobesedovať si s ním po slovensky.
        </p>
        <p>
          Na túto myslel Lietavský. Šiel k nej.
        </p>
        <p>
          „Ale ste mu zasvietili, holúbok môj, pán doktor!“ vítala ho so smie-
          chom matróna. „Drží si ruku v ručníku na prsiach a tvár má takú krot-
          kú!“
        </p>
        <p>
          „Mám o vážnych veciach hovoriť. Chcem vás totiž prosiť, aby ste
          hneď zajtra zanechali nemocnicu a inam sa presídlili,“ pretrhol starenu.
        </p>
        <p>
          Lietavský jej rozpovedal postavenie Zoricino a stará, dobrodušná
          pani rovno šla k profesorovi a oznámila mu, že sa zajtra navždy vzdiali
          z nemocnice.
        </p>
        <p>
          Profesor prehováral, plat povyšoval, prosil - no márne bolo všetko.
          Závodová už v deň pohrebu prejala úlohu matky po boku Zorice.
        </p>
      </div>
      <div type="chapter">
        <head>III.</head>
        <p>
          Bolo predvečer Všechsvätých. Práve rok minul, čo Zorka stratila matku.
          Na elegantnej pohovke sedeli Zorka a Závodová. Obe boli ručnou
        </p>
        <p>
          prácou zaneprázdnené.
        </p>
        <p>
          „Ale povedz mi, ňanička, čo sa stalo s Lietavským?“ pýtala sa Zorka
          dlho akcentovanou slovenčinou.
        </p>
        <p>
          „Prečo?“
        </p>
        <p>
          „Prečo?! Ako by si i sama nevidela premenu. Predtým nebolo dňa,
          žeby nebol prišiel a až kypel veselosťou. A teraz? Príde každý tretí, štvrtý
          deň ai vtedy je zachmúrený, málovravný!“
        </p>
        <p>
          „Príčina jeho premeny väzí snáď v tebe, dušička. Alebo snáď len zato
          zdá sa ti on teraz smutným, pretože si ty už veselšia.“
        </p>
        <p>
          
        </p>
        <p>
          „Ó, nie, on sa premenil,“ odpovedala deva, zahľadiac sa do lampy.
        </p>
        <p>
          „Ňanička, ako si to rozumela, že príčina jeho premeny väzí snáď vo
          mne?“
        </p>
        <p>
          „Nuž jednoducho. Myslím, že Lietavský zato bol predtým veselý, pre-
          tože si ty bola smutná, a že je zato neveselý teraz, pretože ťa už nepotre-
          buje obveseľovať!“
        </p>
        <p>
          Zaklopali na dvere. Deva pružne vyskočila a s rimennou tvárou ví-
          tala príchodiacich.
        </p>
        <p>
          Dverami vošiel sluha s košom v ruke a za ním Lietavský.
        </p>
        <p>
          Sluha postaviac kôš na stoličku, vzdialil sa.
        </p>
        <p>
          Lietavský podal ruku dámam.
        </p>
        <p>
          „Doniesol som k zajtrajšku kvety, aby ste veniec mohli uviť, slečinka.“
        </p>
        <p>
          Zorka povyberala kvety do lona a počala viť veniec pre matkin hrob.
        </p>
        <p>
          Závodová vyšla čaj rozkázať.
        </p>
        <p>
          Pod dojmami rozpomienok smutného dňa zamyslene sedeli vedľa seba.
        </p>
        <p>
          Zrazu schytila Zorka ruku svojho ochrancu.
        </p>
        <p>
          Lietavského tvárou preletel mrak. Zdalo sa mu to pridôverným.
        </p>
        <p>
          „Nehnevajte sa, prosím vás,“ prosila so slzou vďaky v krásnom oku
          mladá deva. „Vidíte nemohla som sa zdržať, veď nemám ani len jedinej
          milej rozpomienky, čo nebola by k vám pútaná. Či to, či ono, všade tenistý
          človekv podobe silného ochrancu, nežného priateľa a trpezlivého učiteľa.
          A ja nemám sily, nemám príležitosti vám dáku obeť doniesť. Odpusťte!“
        </p>
        <p>
          
        </p>
        <p>
          
          <pb/>Mladý doktor sa zohol, ako keď starca lámka napadne. Vráska na čele
          vzrastala a pery sa mu chveli, keď chripľavým hlasom odpoved:
        </p>
        <p>
          „Ja nezaslúžim vašu vďaku. Čierna sebeckosť bola žriedlom všetkých
          tých skutkov, čo vám milé boli. Kto vám padnutú šatku zdvihol - zaslúžil
          vďaku, lebo urobil ten skutok bez nárokov na odmenu. Ja ale ináč som.
          konal - sebcom nie je vďaka plácou.“
        </p>
        <p>
          Jeho hlas znel tupo, cynicky. Zorka zdesene, nemo hľadela naňho -
          a za ním, keď vzal si klobúk a bez slova vyrútil sa von z izby.
        </p>
        <p>
          Potom sa hodila na pohovku a skľúčene zaplakala.
        </p>
        <p>
          Závodová ju tak našla.
        </p>
        <p>
          „Holubica moja, duša zlatá, čože ti je?“ maznala sa nastráchaná starká.
        </p>
        <p>
          Zorka bez slova objala materskú priateľku.
        </p>
        <p>
          O chvíľu si sadla. Uslzené, krásne oči ligotali sa ani briliantové prizmy
          v lúčoch lampy. A ako keď počas dažďa zasvieti slniečko, zrazu usmiala
        </p>
        <p>
          jej uplakaná tvár.
        </p>
        <p>
          „Nšakže, ňanička, čo je to sebeckosť?“
        </p>
        <p>
          Stará pani div že neklesla od prekvapenia. Po takom výjave - takáto
          otázka!
        </p>
        <p>
          Chcela odpovedať, Zorka ju však pretrhla.
        </p>
        <p>
          „Čo je najväčšia sebeckosť?“
        </p>
        <p>
          „Neviem!“ odpovedala lakonicky Závodová.
        </p>
        <p>
          „Ale všakže je láska sebecká?“
        </p>
        <p>
          Starká urobila sprostú tvár ku skoku myšlienok. A Závodová darmo
          pýtala sa na príčinu vrtkavých premien: Zorka sa rozveselila - odvety na
          otázku však nedala. Onedlho odskočila do svojej izbietky. Tam dmúcou.
          sa hruďou, s blaženou tvárou šeptala:
        </p>
        <p>
          „Šťastná som, Otče môj, vďaka Ti, že dal si mi to dožiť!“
        </p>
        <p>
          A príjemná, hoci bezsenná noc to bola pre krásnu Zoricu.
        </p>
        <p>
          "Tým krušnejšia bola pre Lietavského.
        </p>
        <p>
          Dušou i telom silný muž chradol, rovnováhu tratil od istého času.
        </p>
        <p>
          Nezištne, bez všetkých zadných myšlienok zaujal sa brutalitou na-
          padnutej devy. Opustenú, osirelú zaopatril vernou priateľkou. A teraz
          videl, žeiné city ovládli jeho dušou.
        </p>
        <p>
          Druhý deň musel sa Lietavský cieľom zastupovania jedného kolegu
          na týždeň z V...e vzdialiť.
        </p>
        <p>
          
        </p>
        <p>
          
        </p>
        <p>
          
          <pb/>Vtedy zbadal dôkladne premenu, ktorá sa s ním stala. Ešte cez deň,
          keď itak bol zamestnaný, necítil clivosť, no večer, vo zvyknutý čas jeho
          návštev, popadla ho ťažká túha za čiernookou žiačkou-sirotou. Sprvu
          myslel, že to len zvyk: rýchlo sa ale presvedčil, že srdce omnoho silnejšie
          bije, akoby srdce učiteľa bárs i za milým žiačikom biť malo.
        </p>
        <p>
          Svitlo mu: on zaľúbil sa do peknej Srbky.
        </p>
        <p>
          Cítil sa zníženým.
        </p>
        <p>
          „Aký to humanista - héros! Doseká kolegu, natisne svoju osobu bied-
          nej sirote, a prečo?“
        </p>
        <p>
          Preto, aby ju sebe zachrániť mohol!
        </p>
        <p>
          A jeho ideál musí i jeho materinským jazykom hovoriť, aby pekne
          vynímali sa tóny onedlho improvizovať sa majúceho vyznania lásky.
        </p>
        <p>
          Posvätné city ako vďaka, oddanosť vyvolať v duši zachránenej, aby
          neskúsená tým driev padla do siete.
        </p>
        <p>
          Nuž len napred! Veď ak ťa tá deva i neľúbi, predsa neopovrhne tvo-
          jou prosbou, lebo znal si si ju dobrým zväzkom pripútať: okrášlil, snáď
          zachránil si jej život, a ona je tá, ktorej prv srdce pukne, akoby ti zaprela.
          tvoju prvú žiadosť.
        </p>
        <p>
          „Len ta teda...“
        </p>
        <p>
          Krásna ideálna bytosť Lietavského zvíjala sa pod morálnymi bolesťami.
        </p>
        <p>
          V protive bol so sebou. Nesmel pokračovať a upustiť zdalo sa mu ne-
          možným.
        </p>
        <p>
          Bledý, umorený, však čo víťaz vrátil sa k Zorici.
        </p>
        <p>
          Správal sa k nej i teraz priateľsky, dobrosrdečne, ale iskrenná úprim-
          nosť, veselosť — prešli.
        </p>
        <p>
          A Zorica bola zas od toho času, čo povedala „Viem - rozumiem už,“
          vždy veselšia.
        </p>
        <p>
          Keď za dva, za tri dni neprišiel, vyhadzovala mu to práve na oči.
        </p>
        <p>
          „Prečo sa hnevá môj láskavý priateľ na Zoricu?“ pýtala sa ho viac ráz
          smutne.
        </p>
        <p>
          A on sa až zvíjal od bolesti: preto ale pridížal sa voči nej salónnych,
          chladných zvykov.
        </p>
        <p>
          „Čo ste plakali?“ pýtal sa jej raz.
        </p>
        <p>
          „Pravda, keď ma už len každý piaty deň navštívite, a i vtedy len z nut-
          nosti,“ odpovedala uslzená.
          <pb/>Výstup posledného dňa ho skoro o rozum doniesol. Zutekal, lebo bál
          sa, že vôľa podľahne srdcu.
        </p>
        <p>
          Nevyspatý, bledý, ale s pevným predsavzatím, že dnes koniec urobí
          boju, prišiel Lietavský na koči pre dámy. Mali ísť spolu na hrobitov.
        </p>
        <p>
          Zorica letela mu oproti a chytila mu obe ruky.
        </p>
        <p>
          „Odpusťte mi: viete, že nemohlo mi byť cieľom ublížiť vám,“ riekla
          ticho.
        </p>
        <p>
          „Ja vás prosím o odpustenie: špatne som sa choval voči vám,“ odpo-
          vedal pokojne Lietavský.
        </p>
        <p>
          „Dobrý ste ako anjel.“ šeptala Zora, vrelo mu tisnúc ruky.
        </p>
        <p>
          Lietavský sa trpko usmial a i on sadol si do koča.
        </p>
        <p>
          riasol sa pred lúčivým okamihom. Prišiel ale i ten.
        </p>
        <p>
          Vrátili sa z hrobitova a sedeli v chyži.
        </p>
        <p>
          „Pre smutné rozpomienky skoro zabudol som vám oznámiť trúchlu
          pre mňa zvesť, ktorú som dnes dostal,“ počal trasľavým hlasom.
        </p>
        <p>
          Dámy sa preľaknuté dívali naňho.
        </p>
        <p>
          „X týchto dňoch vyvolili ma za lekára v rodnom mestečku a otec star-
          ký žiada, aby som prijal postavenie a čím skôr sa na cestu dal. Nemôžem.
          mu odolať - právo má na mňa.“
        </p>
        <p>
          Zorka obledla ako stena: z očú jej vyhíkli slzy.
        </p>
        <p>
          Lietavský s bledou tvárou pokračoval.
        </p>
        <p>
          „Môžete si predstaviť, ako ma bolí, že sa s vami lúčiť mám..
        </p>
        <p>
          „Čo z vás bude?“ šeptala zvlneným hlasom Zorka. „Vidíte,
          vám hovorila, že by som vám akúkoľvek obeť doniesla: na takúto som ale
          nebola prichystaná. Nedá sa na tom zmeniť?“
        </p>
        <p>
          Lietavský potriasol hlavou:
        </p>
        <p>
          „A kedy pôjdete?“
        </p>
        <p>
          „Zajtra.“
        </p>
        <p>
          »A ak sa schystám, vezmete ma so sebou?“
        </p>
        <p>
          S Lietavským sa točil svet.
        </p>
        <p>
          „Nechcete ma?“ pýtala sa smutne.
        </p>
        <p>
          Lietavský sa na celom tele triasol: hlava sa mu puknúť mala.
        </p>
        <p>
          A deva šla ďalej.
        </p>
        <p>
          „Naučili ste ma, čo je láska, a vy ju teraz nechcete rozumieť. Neľúbite
          ma?“
        </p>
        <p>
          
        </p>
        <p>
          era som
        </p>
        <p>
          
          <pb/>Lietavského oči zabehli krvou na to slovo.
          S náruživým výkrikom schytil smutnú devušku, silno privrel juk hru-
          di a celoval jej krásne líca.
          A ona, ovinúc ramená okolo šije jeho, slasťou zaplakala na jeho
          ochrannej hrudi...
        </p>
        <milestone unit="subchapter" rend="stars"/>
        <p>
          Nedávno viedla ma cesta slovenským mestečkom S...e.
          „Čí je ten pekný kaštiel?“ pýtam sa kočiša.
          „Pána doktora Lietavského,“ odpovedá on.
        </p>
        <p>
          „Stoj!“ zahrmím a rútim sa k dávnemu „magnetu“.
        </p>
        <p>
          Tam som počul od Závodovej to, čo som vám prítomne porozprával.
        </p>
        <p>
          K tomu ešte doložím, že od tých čias vychovala srbská žena dvoch
          krásnych šarvancov k slovenskému podrastu, ktorý naše renegátky ešte
          neodnárodnili.
        </p>
      </div>
    </body>
  </text>
</TEI>
