<TEI xmlns="http://www.tei-c.org/ns/1.0" xmlns:tei="http://www.tei-c.org/ns/1.0" xmlns:eltec="http://distantreading.net/eltec/ns" xml:lang="slo" xml:id="SLK2012882">
  <teiHeader>
    <fileDesc>
      <titleStmt>
        <title ref="ISBN:978-80-8101-278-5">Z parku : ELTeC edícia
        </title>
        <author ref="viaf:42640171">Maršall-Petrvoský, Gustáv (1862-1916)</author>
        <respStmt>
          <resp>editor</resp>
          <name>Marek Vician</name>
        </respStmt>
      </titleStmt>
      <extent>
        <measure unit="words">7096</measure>
      </extent>
      <publicationStmt>
        <p/>
      </publicationStmt>
      <sourceDesc>
        <bibl type="printSource">
          <author ref="viaf:42640171">Maršall-Petrvoský, Gustáv (1862-1916)</author>
          <title ref="ISBN:978-80-8101-278-5">Z parku</title>
          <pubPlace>Bratislava</pubPlace>
          <publisher>Kalligram</publisher>
          <date>2012</date>
        </bibl>
      </sourceDesc>
    </fileDesc>
    <encodingDesc n="eltec-1">
      <p/>
    </encodingDesc>
    <profileDesc>
      <langUsage>
        <language ident="sk"/>
      </langUsage>
      <textDesc>
        <eltec:authorGender key="M"/>
        <eltec:size key="short"/>
        <eltec:canonicity key="unspecified"/>
        <eltec:timeSlot key="T3"/>
      </textDesc>
    </profileDesc>
    <revisionDesc>
      <change when="2023-12-26">
        Initially created as an ELTeC file
      </change>
    </revisionDesc>
  </teiHeader>
  <text>
    <front>
      <div type="titlepage">
        <head>Z PARKU</head>
      </div>
    </front>
    <body>
      <p>
        Všetko kvitlo: byliny jednoročné i viacročné - a kvitol som i ja, dvadsať-
        šesťročný muž. Nehneval som sa na zrkadlo: ukazovalo mi ono riadnu
        počernú tvár, peknú bradu a vzdorovité fúzy. Postavu, tú chválil mi kraj -
        ír, že vraj ľahko šije sa na mňa! Nuž v takýchto otázkach neškrupuluje
        človek: úplne veril som i zrkadlu i lichotivému krajčírovi. A to naplňo-
      </p>
      <p>
        valo ma radosťou, ba až slasťou. Prsia dmuli sa mi ani mechy, ktoré silný
        kováč dúcha, keď videl som, že mihajú očká, pekné očká za mnou! O
        nepekné nestaral som sa tak, ako neboli by sa pekné o moje starali, keby,
        neboli i moje práve pekné, smelé bývali.
      </p>
      <p>
        Zato ale ostalo všetko len pritom, že som mal radosť - platonickú.
        V marci prišiel som do mesta N., no minul mesiac, minuli dva a bol som
        už vtreťom bez toho, že by som mal nejakú „známosť“. Poznal som svoj-
      </p>
      <p>
        
      </p>
      <p>
        ho starého profesora, u ktorého mal som šíriť svoje odborné známosti
        po dovíšených štúdiách (chcel som byť výlučne očným lekárom): ďalej
        poznal som svoju domácu starú paniu, hostinských, pacientov a hroma-
        du ľudí — z videnia. To bolo ale všetko! Priateľa nemal som a osamote
        trávil som svoj prázdny čas. O známosti ženských sa mi ani nesnívalo!
        Pravda, i v zlom čase prišiel som: v marci. Cez fašiangy ľahko to ide.
        Ideš na daktorý bál a chytiac riaditeľa pod pazuchu, vedieš ho rovno
        k nej, dáš sa jej predstaviť — a už je známosť hotová. No v marci čo? A čo
        v apríli Zábav niet, na ulici padá dážď a ak nepadá, nuž vietor duje,
        takže dámy len z okien dívajú sa na čudných fičúrov.
      </p>
      <p>
        Hovorím, teda nemal som ani známych, ani známe. Sprvu bolo mi
        divo, pozdejšie ale privykol som, a keď otvoril sa máj, krásny kvetný
        <pb/>máj - vtedy už ani neželal som si dať sa do známosti s pyšnými oby-
        vateľmi nemeckého veľmesta. Zo zvyku stal som sa samotárom, a síce
        náruživým. Ledva dočkal som koniec ordinácie, už letel som s knihou
        pod pazuchou do parku n-ského predmestia. A aby dôsledným ostal i
        tu, vybral som si lavicu, ku ktorej málokedy blížili sa ostatní návštevníci
        záhrady. Ležala v úplnom chládku, naboku od hlavných ciest. Uzunký
        chodník viedol cez húštinu k nej.
      </p>
      <p>
        O tejto lavičke chcem vám rozprávať.
      </p>
      <div type="chapter">
        <head>I.</head>
        <p>
          Bolo včasráno, ešte rosa lišťala sa na sviežich listoch rastlín a ja som už
          bol vparku. Pohodlne vystretý na „svojej“ lavičke, čítal som „Prvú lásku“
          od Turgeneva.
        </p>
        <p>
          Lúče slnečné len tu i tu prekrádali sa cez husté lístie stromov, hádžuc
          malé jasné pruhy na moje tmavé šaty. Ja vše zahľadel sa na tie svetlé
          očká. Bol som trochu rozladený: nechutne čítal som rozprávku. Nepáči-
          la sa mi, zdala sa mi príliš neprirodzenou. Práve chcel som sa zdvihnúť,
          keď počul som hlasy z chodníka. Slová nerozumel som, no po hlasoch
          súdiac, zastúpené boli tam dva mužské a jeden ženský. Hneď nato zašuš
          ťalo lístie od vchodu, ako keď ho víchor sem i tam mece. Zdvihol som
          hlavu. Na chodníku zazrel som malý voz v podobe fotela. V ňom sedel
          starý pán vo vojenskej rovnošate. Za ním vyčnievala marciálna postava.
          starého vojaka. Vozík kotúľal sa vždy bližšie, vojak ho tiskal jasne vo-
          pred.
        </p>
        <p>
          Mrzuto oprel som hlavu o lavičku a akoby zabraný do čítania, ani
          som nehnul telom. Bol som žiarlivý na svoju lavičku.
        </p>
        <p>
          „Tu je krásne, Otta!“ počul som prehovoriť po francúzsky.
        </p>
        <p>
          „Utešene, otče!“ odpovedal zvonivý ženský hlas.
        </p>
        <p>
          Bol som zvedavý na majiteľku posledného, nuž ale to by bola rovná
          samovražda! - „Nehneš sa!“ šomral som si. „Nech idú ďalej!“
        </p>
        <p>
          Kočík blížil sa: cítil som to po praskaní raždia. Tťpol som, či zastane
          a či prejde popri mne.
        </p>
        <p>
          
        </p>
        <p>
          
        </p>
        <p>
          
          <pb/>Akoby na odvetu zazvučal ženský hlas:
        </p>
        <p>
          „Peter! Choď sa toho pána spýtať, či nebol by náchylný prepustiť nám
          kus miesta!“
        </p>
        <p>
          Hovorila po poľsky.
        </p>
        <p>
          Hneď nato dunela zem pod ťažkým krokom. Lámanou nemčinou
          oslovil ma starý vojak, aby som vstal, že pán major a veľkomožná slečna
          chcú sa tu zložiť, - spať aby som šiel domov!
        </p>
        <p>
          Vstal som a utiahol som sa do kúta.
        </p>
        <p>
          Peter sa vrátil a pritisol kočík klavičke. Za kočíkom šla dáma vysokej,
          štíhlej postavy. Tvár nevidel som jej, lebo bola zakrytá závojom.
        </p>
        <p>
          Pán major ľahko salutoval, dáma pokývla hlavou a posadila sa na
          druhý koniec lavičky. Kočík stál vedľa nej. Peter postavil sa za majora.
        </p>
        <p>
          „Peter, to sa nepatrí!“ preriekla slečna po poľsky. „Ja kázala som ti
          poprosiť pána, nie aby si grobianil.“
        </p>
        <p>
          Major sa smial.
        </p>
        <p>
          „Veď som mu nič neurobil!“ šomral starý sluha.
        </p>
        <p>
          „Ba ešte by to chýbalo!“ vyvolal major. „Nazdáš sa, že vždy regrút stojí
          pred tebou!“
        </p>
        <p>
          „Ktovie, či by ho i za to vzali!“ odvrával sluha a opovižlivo pozrel na
          mňa.
        </p>
        <p>
          Mne udrela krv do tváre: prišiel mi krajčír na um.
        </p>
        <p>
          Major skúmavo pozrel na mňa.
        </p>
        <p>
          „Pán nás rozumie?“ pýtal sa ma odrazu.
        </p>
        <p>
          „Áno!“ odpovedal som mu.
        </p>
        <p>
          Spoločnosť dala sa do smiechu.
        </p>
        <p>
          „Musíte odpustiť, ak dostalo sa vám ublíženia z priveľkej ochoty!“ ho-
          voril major.
        </p>
        <p>
          „Viem si vážiť,“ odpovedal som jednoducho.
        </p>
        <p>
          O pár okamihov vstal som a pokloniac sa vzdialil som sa.
        </p>
        <p>
          „Ej, veru by bola čo aj major!“ vyvolal Peter, keďprešiel som popri ňom.
        </p>
        <p>
          Slečna hlasne zasmiala sa nemotornému zadosťučineniu.
        </p>
        <p>
          Ja som rýchlo priložil ruku ku klobúku.
        </p>
        <p>
          „Neďto vojak, pán major! Ten vie salutovať!“ počul som sluhu hovoriť.
        </p>
        <p>
          Smial som sa. O chvíľu mi však prešla dobrá vôľa. Napadla mi strata,
          ktorú som utrpel. Už sú tam moje samotárske hodiny, už lavica má viac
          pánov, myslel som mrzuto.
          <pb/>Odrazu som zbadal, že zabudol som knihu. — Čo teraz urobiť? — Vrátil
          som sa.
        </p>
        <p>
          Už zďaleka videl som, že ju slečna má v ruke.
        </p>
        <p>
          „Odpusťte, že vás mýlim —“
        </p>
        <p>
          „Áno, knihu ste si zabudli,“ odpovedala slečna a podávala mi ju.
        </p>
        <p>
          Jej tvár bola odhalená. Mne mali oči vyskočiť. Takú krásu, ľudia, ani
          Rafael nenamaľoval! Vravím vám, ani Rafael! Skoro som sa tackal a ruka.
          neisto vystrela sa mi naproti podávanej knihe.
        </p>
        <p>
          „Ďakujem!“
        </p>
        <p>
          „Chodíte sem už dávno, pane...“
        </p>
        <p>
          „Doktor Riečan, pán major.“
        </p>
        <p>
          „Jablonský: moja dcéra Otta.“
        </p>
        <p>
          Všeobecná poklona.
        </p>
        <p>
          „Chodím sem od začiatku jari, pán major,“ odpovedal som na otázku.
        </p>
        <p>
          „ui prior tempore, potior jure! My sme teda votrelci, pane... Prosil
          by som vás o vaše meno!“
        </p>
        <p>
          »„Riečan!“
        </p>
        <p>
          „Vy nie ste Čech?“ examinoval ma major.
        </p>
        <p>
          „Nie, Slovák som!“
        </p>
        <p>
          „Zvláštna reč, celkom vám rozumiem,“ odpovedal major. „Teda už
          dávno chodíte sem?! Hm, hm!... Nuž ale však sa my zmestíme tu všetci,
          pán Riečan.“
        </p>
        <p>
          „Ale prosím, veď to všeobecný majetok...“
        </p>
        <p>
          „Nie, nie! Ja nerád bývam nepríležitým,“ hovoril major. „Len tomu
          som na ťarchu, komu musím, napríklad mojim, pre moje dopílené
          nohy.“
        </p>
        <p>
          „Ale však ste tu tak v práve ako ja, a ja budem si za veľkú česť pokla-
          dať, ak budem môcť pridružiť sa k vám!“ odpovedal som rozhorlený.
        </p>
        <p>
          „No, no, to sú frázy!“ hovoril so smiechom major. „Nuž ale ďakujem
          vám!“
        </p>
        <p>
          „Ste už dávno vN., pán doktor?“ pýtala sa ma slečna.
        </p>
        <p>
          „Tri mesiace,“ odpovedal som. „Som u profesora X.“
        </p>
        <p>
          „Hľa, hľa!“ vykríkol major. „Ja som už počul o vás! Vy ste asistovali
          pri očnej operácii u generála Davidovského - nie?“
        </p>
        <p>
          Ánal“
          <pb/>„A teraz už asi dva týždne chodíte k nemu?“
        </p>
        <p>
          „Áno!“
        </p>
        <p>
          „No tam ste dobre zapísaný. Chváli vás do neba, aký ste ochotný,
          zbehlý. Je to môj priateľ.“
        </p>
        <p>
          „Pán generál bude už o pár dní zdravý,“ odpovedal som.
        </p>
        <p>
          „Teraz ma už skutočne teší, že vás poznám, pán Riečan!“ riekol vľúd-
          ne major a podal mi ruku.
        </p>
        <p>
          „Nidíš, otče, teraz sa už budeš lepšie zabávať,“ preriekla Otta.
        </p>
        <p>
          „A či som sa dosiaľ nudil, Otta?“
        </p>
        <p>
          Jej hlas akoby bol vyrážal mrzutosť. Zadivene pozrel som na ňi
        </p>
        <p>
          „Vidíš, Otta, to mi na um dovádzaš, že by si sa i ty lepšie zabávala, ke-
          bysi nemala chromého otca,“ kus citne preriekol starý pán.
        </p>
        <p>
          „Ó, nie, nie! Ja som bola a i budem spokojná!“ riekla ona rýchlo.
        </p>
        <p>
          „Neď áno, ale teraz budeš ešte spokojnejším!“
        </p>
        <p>
          Starý pán skúmavo pozrel na dcéru, potom sa zasmial.
        </p>
        <p>
          „Povážte, pán Riečan: moja dcéra je už a priori žiarlivá na vás!“ ho-
          voril veselo.
        </p>
        <p>
          „Ale, otčeľ“
        </p>
        <p>
          Ja som sa usmial.
        </p>
        <p>
          „Nuž ale ktomu môžem si len blahoželať, všakže, pane?“ pýtal sa ma-
          jora útlo položil rameno na plece dcérino.
        </p>
        <p>
          Bol som skutočne dojatý nežnou láskou, ktorá pútala mojich nových
          známych.
        </p>
        <p>
          „Istotne“ odpovedal som vrelo. „Vám obom možno gratulovať.
          K vám mali by prísť pesimisti!“
        </p>
        <p>
          Starý pán sebavedome pohladil fúzy.
        </p>
        <p>
          „Áno, pesimisti!“ riekol položartom. „Aby videli, ako môžu byť pred-
          sa šťastní: starec bez nôh a mladé dievča bez všetkých svetských zábav!“
        </p>
        <p>
          Otta začervenela sa na slová pochvaly. Spustila závoj.
        </p>
        <p>
          „Teší ma, otče, že si spokojný. Len čas - príležitosť k vyjadreniu toho
          nie je vhodná.“
        </p>
        <p>
          „Odpusťte, milosťslečna!“ riekol som ja. „Chybný som jedine ja. Ne-
          mal som si dovoliť odvetu na otázku pána majora.“
        </p>
        <p>
          Otta kývla hlavou.
        </p>
        <p>
          
        </p>
        <p>
          
        </p>
        <p>
          
        </p>
        <p>
          
          <pb/>„No veru!“ vyvolal major rozhorlene. „Pán doktor vie, že hovoril som
          číru pravdu a bez všetkého bočného úmyslu. A to, musíš mi dovoliť, to.
          jediná náhrada za tvoje šľachetné...“
        </p>
        <p>
          „Ale, otče!“ pretrhla ho srdite dcéra. „Ja nechcem sa odťahovať. Keď
          už tak chceš mať, chváľ ma. Ale pána doktora to nemôže zaujímať a mňa.
          znižuje!“
        </p>
        <p>
          „Chvála neznižuje, ale.
        </p>
        <p>
          „Apík, nechcem, prosí
        </p>
        <p>
          Starý pán sa smial.
        </p>
        <p>
          „To je veľké slovo, pane: nechcem! Na to niet apeláty - mlčím, Otta!“
          riekol veselo.
        </p>
        <p>
          Ja som sa zle cítil. Urážala ma pýcha slečny Otty, spolu ale i obdivoval
          som ju. Konečne mala pravdu, ja bol som im celkom cudzí, muselo ju
          mrzieť, že ju otec tak rovno vychvaľoval predo mnou.
        </p>
        <p>
          O chvíľu odporúčal som sa.
        </p>
        <p>
          „Ráčte odpustiť, panstvá,“ preriekol som kus trpko. „Môj úsudok pa-
          dol mi mimovoľne z úst. Nechcel som urážať!“
        </p>
        <p>
          Starý pán dôverne podal mi ruku: Otta sa slabo uklonila.
        </p>
        <p>
          Na ceste mrzel ma celý prípad. Škoda lavičky, myslel som si. No ne-
          mohol som uprieť, že zaujímajú ma moji noví známi. Ba až bolelo ma, že
          som na slečnu Ottu zlý dojem urobil. „Aká pyšná ani Juno!“ myslel som
          zlobne, ale nevdojak uznal som: „Ale krásna ani Venuša!“
        </p>
        <p>
          Také zvláštne, takrečeno protivné pocity skrsli vo mne. Rád by bol bý-
          val na lavičke — a rád som bol i tomu, že ju s takými ľuďmi deliť môžem.
        </p>
        <p>
          No konečne, čo ma po nich: ako filozofujem! Ako čo by ja už nemo-
          hol žiť bez lavičky a bez majorov...!
        </p>
        <p>
          Ale je kapitálny chlap, ten major! On že je nerád nepríležitým, - to
          nepovie každý vojak! A Peter, aký to prototyp sluhu! A ona?!
        </p>
        <p>
          Keď prišiel som domov, otvoril som mapu. Bol som totiž kresličom,
          pravda, len diletantom. Ťah za ťahom kládol som - no nešlo! Portrét
          podobal sa všetkému viac ako Otte Jablonovskej!
        </p>
        <p>
          Rozladený hodil som mapu do kúta.
        </p>
        <p>
          „Ba ako ti vôbec napadlo, práve ju kreslit!“ vyhadzoval som si na oči.
        </p>
        <p>
          Zato ale o chvíľu zas schytil som mapu a robil som ďalej - a mal som
          radosť!
        </p>
        <p>
          
        </p>
        <p>
          ťa!“ pretrhla ho rázne Otta.
          <pb/>„Oči mám i čelo, len pery keby som uhádol!“
        </p>
        <p>
          A mimovoľne prišlo mi na um, ako sa tie pery stiahli, stisli jedna na
          druhú, keď odmietla moje a otcove poklony. Tak som ich videl pred se-
          bou: červené, plné, v uhloch s malými jamkami - a predsa nevedel som
          ich nakresli!
        </p>
        <p>
          Hodiny bili desiatu. Zľaknutý skočil som hore, veď už mal som byť u
          profesora.
        </p>
        <p>
          Prvý raz stalo sa mi, že oneskoril som sa do ambulancie.
        </p>
      </div>
      <div type="chapter">
        <head>II.</head>

        <p>
          Druhý deň ráno šiel som do parku neskôr. Nechcel som, aby Jablonov-
          skovci našli ma už tam.
        </p>
        <p>
          Skutočne, už zďaleka videl som malý kočík. Na lavičke sedel Peter.
          Otty nebolo tam.
        </p>
        <p>
          „Vitajte, dobré ráno, pán Riečan!“ volal mi major v ústrety.
        </p>
        <p>
          Silne potriasol mi ruku.
        </p>
        <p>
          „Teší ma veľmi: vidíte, dnes by som bol býval sám s Petrom. Otta je
          kus nezdravá,“ hovoril mi.
        </p>
        <p>
          „Nebezpečne, pán major?“
        </p>
        <p>
          „Ach jaj, možno len vrtoch!“ odpovedal on. „No, no, to sa nehovorí, -
          ale pravda je, že prvý raz stalo sa, že bez nej robím výlet.“
        </p>
        <p>
          Mňa nepríjemne dotkla sa správa. „Nezdravá — vrtoch...“ Istotne
          nechcela sa so mnou zísť!
        </p>
        <p>
          Len namáhavo vedel som ukryť trpkosť.
        </p>
        <p>
          Besedovali sme o všeličom, však uhádnete, o čom dvaja dobrí Slova-
          nia môžu hovoriť: o politike.
        </p>
        <p>
          Náhľady úplne zhodovali sa nám. Starý pán viac ráz tisol mi ruku.
          Jeho veľké, tmavé oči hádzali blesky, keď hovoril:
        </p>
        <p>
          „Bude, brat môj, bude z nás ešte prvá rodina, prvá moc celého sveta!“
        </p>
        <p>
          Je to zvláštne, ale pravda je, že Slovan k Slovanovi bližšie stojí, než na-
          príklad Nemec k Nemcovi, Francúz k Francúzovi. Či sú tomu primitívne
          pomery a či sama povaha na príčine, to nevedel by som určiť, len prav-
        </p>
        <p>
          te
        </p>
        <p>
          
        </p>
        <p>
          
          <pb/>da je, že my v užšom zväzku stojíme než iné národy jedného koreňa, ba
          bližšie než údovia jednej vetvy iných plemien.
        </p>
        <p>
          Len takto môžem si vysvetliť onú úprimnú srdečnosť, ktorou uctil ma
          môj nový známy, major Jablonovský.
        </p>
        <p>
          Nie som príliš skromný, uznám, že i to mohlo ma odporúčať, že mali
          rovné sociálne náhľady, ba konečne dovolím, že snáď bol som mu už i
          ako človek sympatickým: no predsa verím, že hlavná moja cnosť v jeho
          očiach bola tá, že som Slovan.
        </p>
        <p>
          
        </p>
        <p>
          
        </p>
        <p>
          Výborne zabávali sme sa, no koniec koncov predsa zas predrala sa u
          mňa horkosť, ktorú pocítil som, keď mi major bol označil, prečo Otta.
          neprišla.
        </p>
        <p>
          „Ráčte vyjaviť moju úctu slečne,“ hovoril som pri lúčení. „Spolu ale
          ráčte vyjadriť i moju úprimnú ľútosť nad tým, že mimovoľne hatil som
          ju vjej riadnej prechádzke.“
        </p>
        <p>
          „Ale čo vám napadá!“ vyvolal major. „Už teraz len aby nenapadlo
          vám upustiť od lavičky. Vy máte k nej staršie právo a tešiť sa budem, ak
          budete ho zdieľať každodenne so mnou.“
        </p>
        <p>
          
        </p>
        <p>
          No ja pevne zaumienil som si nepoužiť viacej svojho práva. Toľko
          galantnosti mám i ja ako pán major, myslel som si. Ani ja nerád bývam
          nepríležitým.
        </p>
        <p>
          A držal som sa toho. Nešiel som do parku. Lenže aby som povedal
          pravdu, viac času zobral mi teraz park, keď som nechodil ta než pred-
          tým. Daromné bolo by tajiť: veľa myslel som, ba veľa... vždy myslel som
          naň. Ako obzerá sa starý pán, ako škúli Peter a ako zimnične trasie sa.
          slečna, keď počuje kroky - ak to on! A ako uľavene vydýchne jej krásna.
          hrud, keď zazrie cudzieho človeka... „Cudzieho...!“ A ja čože som jej?
          Cudzí! Ona mne tiež cudzia - a vidíte, práve to ma dráždilo, že ona chce
          byť cudzou pre mňa!
        </p>
        <p>
          Dva dni vydržal som, ale čím ďalej, tým väčšmi cítil som túhu po par-
          ku. To nevedel by som určiť, či to už zvyk účinkoval v tom smere a či
        </p>
        <p>
          
        </p>
        <p>
          
        </p>
        <p>
          vábili ma noví známi. Dosť na tom, že som sa vybral až na tretí deň.
          „Však lavička je moja!“ duplikoval som si a rýchlym krokom uberal som
          saknej.
        </p>
        <p>
          Bolo chmúrne počasie. Lúče slnečné presievali sa cez hnedé oblaky.
          Keď vystrel som ruku, cítil som malé kvapky na nej.
          <pb/>„Dnes ich iste nebude v parku,“ myslel som a hneval som sa - na po-
          časie. Kto to i kedy videl, taký čas v máji!
        </p>
        <p>
          Nechutne blížil som sa cestičke, ktorá viedla k lavičke. — No div a zá-
          zrak! Nalavičke sedela dáma, popri nej stál kočík a v ňom po pás kober-
          com zakrytý Jablonovský.
        </p>
        <p>
          Starý pán urobil pohyb, akoby chcel vstať - obe ruky vystrel naproti.
        </p>
        <p>
          „Chvalabohu, teda predsa!“ vítal ma. „Kde ste len boli po dve rána?“
        </p>
        <p>
          "Tvár slečny nevyrážala radosť, no ani hnev. Urobila mi miesto.
        </p>
        <p>
          „Bol som zamestnaný,“ odpovedal som. „Ale kdeže je...?“
        </p>
        <p>
          „Myslíte Petra? Poslal som ho sem neďaleko,“ odpovedal major.
        </p>
        <p>
          „Skutočne na Petra chcel som sa pýtať, no zastavil som otázku,
          lebo musím dať veľký pozor, aby aspoň čiastočne napravil úsudok,
          ktorý si milosťslečna o mne utvoriť ráčila,“ odpovedal som kus iro-
          nicky.
        </p>
        <p>
          Slečna sa začervenala.
        </p>
        <p>
          „Ráčite sa mýliť, pane!“ riekla ťahavým hlasom. „Môj úsudok o vás
          jeten istý čo o druhých, nie horší, no odpustte, ani nie lepší. Je konečne
          málo času tomu, čo teším sa vašej známosti - nie div teda!“
        </p>
        <p>
          „, prosím!“ riekol som veselo. „Som vám i za to povďačný. Na každý
          pád lichotí mi už i taký malý úspech - predbežne!“
        </p>
        <p>
          Otta sa posmešne usmiala.
        </p>
        <p>
          „Pri skromnosti máte aj sebadôvery hodne!“ posmievala sa.
        </p>
        <p>
          „Budem sa usilovať, aby z tých dvoch vlastností úplne udusil tú, ktorá
          by mohla urážať vás!“
        </p>
        <p>
          „Mohli by ste napríklad hneď tým počať, že necháte poklony doma,“
          riekla ona zlobne.
        </p>
        <p>
          „Keby ale s nimi spolu doma ostal, boli by ste snáď najspokojnejšia so
          mnou!“ odpovedal som hlasom trocha rozčúleným.
        </p>
        <p>
          „Mýfite sa úplne!“ odpovedala ona.
        </p>
        <p>
          Ale viete, takým hlasom, takou tvárou, že sa mi krv búrila v žilách,
          akoby povedala: „Čo ma po tebe? Pre mňa nejestvuješ, a bárs si mi vždy
          po boku bol!“
        </p>
        <p>
          Rozčúlený pritisol som ebenovú paličku o zem - praskla.
        </p>
        <p>
          Otta dala sa do smiechu. Bol by ju trhal od jedu.
        </p>
        <p>
          „Dnes máte pech!“ škádlila ma.
        </p>
        <p>
          
        </p>
        <p>
          pe
          <pb/>»Ó, nie, práve šťastie, milosťslečna!“ odvetil som hladko. „Ani na kraj
          umu mi nenapadlo, že by vás v takomto počasí tu nájsť mohol - a vidíte,
          sklamal som sa!“
        </p>
        <p>
          V tých slovách chcel som jej dať na známosť, že som ich nehľadal.
        </p>
        <p>
          Otta kus obledla, pravdepodobne porozumela.
        </p>
        <p>
          »A zato ste aj prišli, pretože ste mali nádej, že budete sám?“ pýtala sa
          trpko.
        </p>
        <p>
          I starý pán naklonil hlavu, čakajúc na odvetu.
        </p>
        <p>
          Váhal som: Či ďalej ísť?
        </p>
        <p>
          „Nie! Prišiel som, tešiac sa nádejou, že vás tu nájdem - a síce aj vás,
          slečna Otta!“ povedal som konečne a priamo, bez hnevu díval som sa.
          na ňu.
        </p>
        <p>
          Ona spokojne kývla hlavou. V jej očiach akoby sa bola radosť zrkad-
          lila, no len na okamih.
        </p>
        <p>
          Neviem, kam by sme boli zašli, alebo či vôbec boli by sme pokračovali
          v podobnom rozhovore, keby nás pán Jupiter pluvius nebol prekvapil.
        </p>
        <p>
          Sprvu padal len riedky, zrazu však spustil sa celý letný lejak.
        </p>
        <p>
          A Peter nechodil. Slečna sa bojazlivo obzerala.
        </p>
        <p>
          „Prekliate nohy!“ hrešil major.
        </p>
        <p>
          Dážď sa len lial, už prenikol i cez husté lístie stromov a náležite močil
          kých.
        </p>
        <p>
          »„Ráčte ísť vopred, slečna!“ riekol som, keď videl som, že Peter nechodí.
          „Pána majora poveziem ja!“
        </p>
        <p>
          Ona pohľadom vďaky zrela na mňa a šla vopred, chrániac sa čipko-
          vým slnečníkom.
        </p>
        <p>
          V strede parku bol hostinec: tam sme zamierili. Išli sme skoro galo-
          pom.
        </p>
        <p>
          Otta pred kočíkom skackala ľahkým krokom. Dážď namočil jej ľahké
          kartúnové šaty, takže ony tesne priliehali ku krásnej šľachetnej postave.
          Tuitu obzrela sa, či som jej v pätách, a mne zdalo sa vtedy, že ani anjel
          nemôže byť krajší ako ona, keď usmiala sa mi tvárou na červeno vyhria-
          tou.
        </p>
        <p>
          Konečne sme došli k cieľu. Rovno do letného, skleného teremu tiskal
        </p>
        <p>
          
        </p>
        <p>
          
        </p>
        <p>
          som vozík.
          Pod pokrovom podala mi ruku slečna Otta.
          <pb/>„Ďakujem vám, pán Riečan!“ riekla vrelo.
        </p>
        <p>
          Ja radostne uhol som sa a pobozkal pravicu. Ona rýchlo vytrhla ruku.
          "Tvár blčala jej. Či hnevom...?
        </p>
        <p>
          Dohodli sme sa, že slečna pôjde domov na koči a pošle majorovi daž-
          dový plášť my dvaja ale že budeme čakať na Petra.
        </p>
        <p>
          Tak sa stalo. Slečna odišla (pri odchode mi zas podala ruku) a onedl-
          ho doletel Peter s plášťom a dáždnikom.
        </p>
        <p>
          „Kde si bol, Peter?“
        </p>
        <p>
          „Už tri razy pri lavičke a tri razy doma, pán major! Až teraz prišla
          slečna.“
        </p>
        <p>
          Peter oddal majorovi plášť: dáždnik podával mne.
        </p>
        <p>
          „Toto poslala veľkomožná slečna pre pána doktora.“
        </p>
        <p>
          „No, tuším búrka už minula!“ preriekol major veselo.
        </p>
        <p>
          Ja som sa mu usmial. Peter však kontroval: „Niežeby bol ustal, ale je
          ešte väčší, ako čo by ho z cievok lieval!“
        </p>
        <p>
          My sme verili a na radosť dali sme si ešte po poháriku plzenčiny.
        </p>
        <p>
          Výborne bavili sme sa, ani nezbadali sme, že vonku už slnce svieti.
        </p>
        <p>
          „Oznamujem úctivo, že neprší!“ preriekol Peter.
        </p>
        <p>
          „Chceš, aby som domov išiel, všakže?“ pýtal sa ho major.
        </p>
        <p>
          „Veľkomožná slečna bude sa starať...“
        </p>
        <p>
          „No, no, dobre, Peter!“ odpovedal major. „Vidíte, takto ma tyranizujú
          — pravda, len z lásky!“
        </p>
        <p>
          „Je to ale do závidenia!“ povedal som ja.
        </p>
        <p>
          „Ó, nie, neverte! Aspoň nie vždy! Keď je zima, nesmieš von, keď je
          teplo, nesmieš nič piť, obloky a dvere nesmú byť naraz otvorené: to je
          prievan! Od toho všetkého mal by starý vojak umrieť! Chrániť ho treba!“
        </p>
        <p>
          Ja som sa smial tragickému tónu, ktorým to major rozprával.
        </p>
        <p>
          „I teraz, vidíte, rád by sa s vami zabavil, ale nesmiem! O pol hodiny
          prišla by už Otta nastráchaná pre mňa. Tiskaj teda, Peter! Zbohom, pán
          Riečan, do videnia na „našej lavičke!“
        </p>
        <p>
          
        </p>
        <p>
          
        </p>
        <p>
          
        </p>
        <p>
          
        </p>
        <p>
          „Do videnia!“
        </p>
        <p>
          »„Ale istotne! Nedajte sa ničím hatiť, však bombardovanie ste už pre-
          stáli, výborne prestáli!“ hovoril veselo starý pán, podávajúc mi svoju
          ruku k lúčeniu.
        </p>
        <p>
          „Prídem, pán major!“ uisťoval som ho.
          <pb/>Zvláštne cítil som sa po jeho odchode. Tak divno mi bolo, ako keby
          mi centy boli zaľahli na prsia - a zas v druhom okamihu cítil som sa.
          ľahkým: len letieť!
        </p>
        <p>
          Dal som si doniesť ešte pohár, dva, tri, a keď som ich vypil, makal som
          vlastné telo: „Čo ti je, Jano? Tuším si sa opil!“
        </p>
        <p>
          Lebo, vidíte, bol som v takom istom naladení, ako keď je kto opitý.
          Svet zdal sa mi krásnym, všetko bezúhonné, ani čo by som bol hľadel
          cez ružové okuliare.
        </p>
        <p>
          Robil som próby: Koľko je 25 a 46 — 71 odvetil som hneď. Rátal som
          tužkou: toľko vyšlo. - 37 a 26 — 63. Zas vyšlo.
        </p>
        <p>
          „Opitý si už nie, Jano môj!“ tešil som sa.
        </p>
        <p>
          Chytil som si hlavu: bola horúca. Tepna na ruke bila rýchlo, hruď
          dmula sa silno.
        </p>
        <p>
          „Nie, opitý nie si... Doneste mi pohár piva!
        </p>
        <p>
          Na dúšok vypil som ho.
        </p>
        <p>
          ».. Ale zaľúbený si ako mladý chalan!“ doplnil som vetu heroickou
          smelosťou.
        </p>
        <p>
          Honom bežal som domov. Chytil som mapu a trasľavou rukou kreslil
          som začatý obraz. Vôbec som neváhal, celkom isto kládol som ťah za
          ťahom, i ústa som uhádol!
        </p>
        <p>
          „Tak“ preriekol som polohlasne. „Mám ťa! A čo by ako sťahovali sa
          tvoje krásne ústa, bársako blčali by hnevom oči tvoje, tie ústa predsa.
          musia usmievať sa raz mne, tie oči musia mne jasať! Vieš... Áno, musia!
        </p>
        <p>
          
        </p>
        <p>
          te
        </p>
        <p>
          Mne musia!“
        </p>
        <p>
          Posledné slová volal som tuším už celým hlasom.
        </p>
        <p>
          Utlmený smiech ozval sa v izbe. Nastrašene obzrel som sa. Mapa vy-
          padla mi z rúk: pri dverách stál generál Davidovský. Krv mi buchla do
          tváre: bol som úplne v rozpakoch.
        </p>
        <p>
          „Odpustte"“ riekol on. „Klopal som!“
        </p>
        <p>
          Bez slova pritisol som mu fotel.
        </p>
        <p>
          „Prišiel som vám ďakovať za vaše láskavé ustávanie. Zaviazaný som
          vám vďakou do konca života!“ riekol on citne a podával mi ruku.
        </p>
        <p>
          Niečo som zašomral - neviem ani sám čo.
        </p>
        <p>
          „Idem práve od profesora X.“ hovoril on ďalej. „Poprosil som ho, aby
          zaobišiel sa dnes bez vás. On privolil.. A čo, priateľ môj, načo okolkovať?
        </p>
        <p>
          
        </p>
        <p>
          
          <pb/>Chcel som predstaviť vás tejto istej slečne bez toho, aby bol vedel, že vy
          už znáte ju!“
        </p>
        <p>
          Prišiel som k sebe.
        </p>
        <p>
          „Znám, ako vidíte!“ odpovedal som úprimne.
        </p>
        <p>
          Vedel som, že ste cudzím tu,“ hovoril on ďalej. „Nuž už dávno po-
          mýšľal som na to, že vás predstavím Jablonovskovcom - a netajím, mal
          som pritom i bočné úmysly.“
        </p>
        <p>
          „Tie asi, ktoré ja vyslovil som tak drasticky?“
        </p>
        <p>
          On usmievavo kývol hlavou.
        </p>
        <p>
          Potom musel som rozprávať, ako zoznámil som sa s majorom a s jeho
          dcérou. On sa smial, keď líčil som Ottino správanie sa.
        </p>
        <p>
          „Ak sa nemýlim, môžem už vopred blahoželať k úspechu!“ vyvolal
          veselo generál, keď bol som u konca.
        </p>
        <p>
          Ja otvoril som oči naširoko.
        </p>
        <p>
          „K čomu?“ pýtal som sa chvatom.
        </p>
        <p>
          „Ku zdaru!“ odpovedal on pokojne.
        </p>
        <p>
          Bez slova díval som sa naň.
        </p>
        <p>
          „To je už potom po vojensky, pán generál!“ vyvolal som konečne
          a bez všetkej príčiny dal som sa do kfčovitého smiechu.
        </p>
        <p>
          „Prečo?“ hovoril Davidovský, „Mladí majú sa zberať — a ja nevidím
          príčinu, pre ktorú nemohli by ste vy..
        </p>
        <p>
          „Pravda, keby Otta súdila podľa vášho vkusu!“ skočil som mu do reči.
        </p>
        <p>
          „No nič, len nezaháľať! Chodte sa obliecť, pôjdeme k nej!“ riekol ge-
          nerál.
        </p>
        <p>
          Nedal som si dva razy povedať: o desať minúť prišiel som v úplnom
          skvoste do izby.
        </p>
        <p>
          „Nevedel som, že ste vojak. Dobre vám svedčí!“ vítal ma generál.
        </p>
        <p>
          Bol som v obleku vojenského nadlekára.
        </p>
        <p>
          O štvrť hodiny zastal s nami koč pri byte Jablonovskovcov.
        </p>
        <p>
          V predizbe vítal nás Peter dlhým salutovaním. Potom otvoril dvere
          a plným hlasom oznamoval:
        </p>
        <p>
          „Pán generál Davidovský a pán nadlekár Riečan!“
        </p>
        <p>
          Vošli sme do salónu. Prijali nás prekvapene, ale srdečne.
        </p>
        <p>
          „Hohó, teda tiež vojak!“ vítal nás major. „Tým milší!“
        </p>
        <p>
          Slečna podala mi ruku a zvala ma „vítaným“ u nich.
        </p>
        <p>
          
        </p>
        <p>
          
          <pb/>Posadali sme.
        </p>
        <p>
          „No, Otta!“ preriekol Davidovský. „Pamätáš, čo si hovorila, keď opi-
          soval som, ako láskavo opatruje ma môj lekár?“
        </p>
        <p>
          Otta sa začervenala a sklopila zrak k zemi.
        </p>
        <p>
          „Tu ho máš, doviedol som ho,“ pokračoval generál.
        </p>
        <p>
          Oba starci dali sa do smiechu. Otta odrazu zdvihla hlavu a rázne vy-
          strela ruku naproti mne.
        </p>
        <p>
          „Srdečne vám ďakujem, pán doktor, že zachránili ste zrak môjho mi-
          lého strýca!“ riekla vlnistým hlasom.
        </p>
        <p>
          Ja vrelo pobozkal som jemnú ruku. Ona začervenená obrátila sa
          k strýcovi.
        </p>
        <p>
          »„Dostačí?“
        </p>
        <p>
          „Predbežne áno!“ odpovedal on a potom zaviedol rozhovor na iný
          predmet.
        </p>
        <p>
          Keď sme už asi vyčerpali témy, preriekol generál:
        </p>
        <p>
          „Tilka, teraz nám dačo zahráš.“
        </p>
        <p>
          Ona sa zdráhala: nie je k tomu naladená.
        </p>
        <p>
          „Ale jaj! Povedz radšej, že si pyšná, Tilka naša!“ zahriakol ju Davi-
          dovský.
        </p>
        <p>
          Ona stiahla pery.
        </p>
        <p>
          „Nuž, keď chceš mať tak, nech je tak!“ povedala rozdráždene. „Pyšná
          som k tomu, aby produkovala sa s takým, v čom cítim sa príliš slabou!“
        </p>
        <p>
          „Ale však tu nejde o produkciu!“ vyvolal generál. „Mne hrával si od-
          jakživa, keď som prišiel k vám, a pán doktor vôbec nebude kritizovať.“
        </p>
        <p>
          „Nakoľko by som ani nebol schopným toho,“ dodal som ja.
        </p>
        <p>
          „Nie ste muzikálnym?“ pýtala sa ona.
        </p>
        <p>
          „Som len diletant,“ odpovedal som.
        </p>
        <p>
          „Zahrajte teda vy!“ vyvolala Otta.
        </p>
        <p>
          „Potom ale ty zahráš. Dobre?“ pýtal sa jej generál.
        </p>
        <p>
          „Áno.“
        </p>
        <p>
          Voľky-nevoľkyšiel som do susednej izby a sadol som si k pianu. Dve-
          re na izbe nechal som otvorené.
        </p>
        <p>
          Otta prišla a podala mi noty. Kusy boli mi zväčša známe. Vybral som
          Mozarta.
        </p>
        <p>
          „To je môj miláčik,“ hovorila Otta.
          <pb/>„Takú jasnosť vyrážania citov nemá iný!“ odpovedal som a chytil som
          akordy.
        </p>
        <p>
          Hral som okamžitými dojmami: vrelo, náruživo.
        </p>
        <p>
          Keď dokončil som, vyšla Otta z izby.
        </p>
        <p>
          „Nebudem hrať, strýčko!“ počul som ju hovoriť v salóne.
        </p>
        <p>
          „Prečo?“ pýtal sa jej generál.
        </p>
        <p>
          „Lebo to len pokazí dojem,“ odpovedal ona.
        </p>
        <p>
          Ja som práve vchádzal do salónu.
        </p>
        <p>
          „Pán Riečan je virtuóz prvého stupňa oproti mne!“
        </p>
        <p>
          „Ste snáď príliš skromná,“ ospravedlňoval som sa. „Nuž a dali ste slo-
          vo, milosťslečna!“
        </p>
        <p>
          Ona bez slova vošla do izby a hrala tiež Mozarta. Ale hrala ho tak, že
          ja zatajil som dych. Bolo badať síce istú nedokonalosť v technike, no hra
          pútala, oduševnila ma.
        </p>
        <p>
          Však viete, že indivíduum nedá sa zatajiť v ničom. Nuž slečna Otta
          plasticky dala výrazu svojej silnej, vrelej, sviežej povahe. Pre mňa stratil
          význam Mozart, lebo taká reprodukcia má práve toľko ceny ako sama
          skladba.
        </p>
        <p>
          „Ďakujem ti, Tilka!“ vítal ju generál, keď vošla do izby.
        </p>
        <p>
          Ja mlčal som, lebo vedel som dobre, žeby ju poklona urážala.
        </p>
        <p>
          Davidovský opasoval šabľu. Lúčili sme sa. Starý pán major mi naložil,
          aby čím driev prišiel a aby cítil som sa u nich ako doma.
        </p>
        <p>
          Slečna mlčky podala mi ruku.
        </p>
      </div>
      <div type="chapter">
        <head>III.</head>
        <p>
          Druhý deň mala lavička o jedného hosťa viac. Bol to generál Davidovský.
        </p>
        <p>
          Starci, nevyjmúc ani Petra, vítali ma veľmi srdečne, len slečna bola zas
          zlej vôle. 1 ruku mi len tak nechutne podala.
        </p>
        <p>
          „Čo to zas za príčina?“ myslel som si.
        </p>
        <p>
          „Škoda, že ste o niečo skôr neprišli!“ riekol generál. „Boli by ste po-
          čuli zaujímavý rozhovor!“
        </p>
        <p>
          „Smiem byť zvedavým?“ pýtal som sa.
        </p>
        <p>
          
          <pb/>„Nie, strýco: nehovor, nechcem!“ pružne vyvolala Otta.
        </p>
        <p>
          „Počujte: ona nechce: nuž a to sme my úbohí starci tak naučení, že
          vtedy ani my „nechceme!“ odpovedal mi generál.
        </p>
        <p>
          Otta dala sa do smiechu.
        </p>
        <p>
          „Len toľko vám môžem povedať...“
        </p>
        <p>
          „Strýco, prosím!“ pretrhla ho Otta.
        </p>
        <p>
          ».. Že jednalo sa o vás!“
        </p>
        <p>
          Otta sa začervenala.
        </p>
        <p>
          „Teraz už môžeš všetko povedať!“ povedala zlobne. „Aspoň jedna
          bezsenná noc pána Riečana nebude mi na duši!“
        </p>
        <p>
          „Veľmi povďačný som vám za láskavú starosť o mňa!“ odpovedal som
          posmešne. „S dovolením pána generála vystavím sa ale predsa nebezpe-
          čenstvu!“
        </p>
        <p>
          »„Z toho ja ale teraz už nemám nič!“ riekla ona chladne. „Ba ešte mohli
          byste si všeličo namýšľať!“
        </p>
        <p>
          » Ach, tak veľmi neráčili ste ma rozmaznať, milostivá slečna!“ odpo-
          vedal som ja.
        </p>
        <p>
          „Ja teraz ale rozhodne chcem, aby ste vedeli, o čom bola reč!“ riekla
          ona čím ďalej, tým srditejšie.
        </p>
        <p>
          „Ó, prosím! Kde generáli podliehajú, tam musím aj ja poddať sa! Ráč-
          te teda len rozprávať.“
        </p>
        <p>
          Ona bola celá rozčúlená, pery mala stisnuté a oči blčali plameňom
          hnevu.
        </p>
        <p>
          „Ste skoro do nevystátia so svojimi výsmeškami!“ riekla rýchlo. „O
          tom bola reč - a všetci chceli mi nadišputovať, že som žiarlivá na vás. A.
          to nie je pravda! No z hodiny do hodiny, zo dňa na deň, vždy počúvať
        </p>
        <p>
          
        </p>
        <p>
          chválospevy o vás, to - to je k nevydržaniu!“
        </p>
        <p>
          Vyskočila hore a rýchlym krokom vzdialila sa od lavičky.
        </p>
        <p>
          Starci smiali sa. Mňa však bodlo čosi v hrudi. Veď je to číročistá ne-
          návisť! Také oči ani jazvec! Mali ma zhltnúť od jedu!
        </p>
        <p>
          „Som vám povďačný,“ riekol som trpko k pánom. „Ako však vidieť
          ráčite, vaše chvály konajú mi zlú službu!“
        </p>
        <p>
          „Ale, prosím vás!" riekol major. „Veď sme vás len raz spomenuli - už
          blčalo! Dakedy skutočne nerozumiem Otte!“ dodal mrzuto.
        </p>
        <p>
          Davidovský sa usmieval.
          <pb/>„Len ju v pokoji nechať!“ riekol potom ku mne, zbadajúc, že chystám
          sa ísť za ňou.
        </p>
        <p>
          „Mier je sladší po vojne!“ zašomral nahlas.
        </p>
        <p>
          Zaviedli sme rozhovor špeciálne o Slovákoch. Páni boli málo infor-
          movaní, no tým zvedavejší.
        </p>
        <p>
          Zabudol som na všetko, na Ottu, na ublíženie, ktoré dostalo sa mi
          od nej. Reč len tak plynula mi z úst, lebo veď všetko precítil som, čo.
          rozprával som im.
        </p>
        <p>
          Tak ďaleko sme, páni moji, že skoro niet človeka medzi nami,
          zvlášť ale mladého človeka, ktorý nebol by býval martýrom idey našej!“
        </p>
        <p>
          Predo mnou stála Otta, nemá, pyšná.
        </p>
        <p>
          „Hovoríte veľmi vo všeobecnosti, pán Riečan!“ riekla chladne. „Či ne-
          vedeli by ste napríklad rozprávať nám niečo tragického, uchvacujúceho
          zo svojho vlastného života? Akým spôsobom stali ste sa vy martýrom,
          ako vás vyhodili zo škôl, ako vás zatvorili do čiernych temníc a inkviro-
          vali podľa španielskeho spôsobu? To by ma zaujímalo a verím, že vy to
          dokážete!“
        </p>
        <p>
          jej slov vial ťažký sarkazmus a opovrhovanie. Cítil som, ako mizne
          mi krv z tváre. Trasľavými perami odpovedal som:
        </p>
        <p>
          „Mýlite sa, slečna Jablonovská: nedokážem! Môj život bol tichý, ne-
          významný, ako som i sám. Môžem vám na svoju česť povedať, že nebolo
          vňom ani len takého výjavu, aký ste vy ráčili aranžovať!“
        </p>
        <p>
          Bôlne díval som sa na ňu. Ona očividne zbledla.
        </p>
        <p>
          
        </p>
        <p>
          
        </p>
        <p>
          
        </p>
        <p>
          Davidovský stiahol obrvy, jeho oči sršali hnevom. Major hniezdil sa
          vo vozíku. Oba uprene dívali sa na Ottu, tá však mlčala. Gia, ž že urobila
          zle, no pýcha nedopustila jej, aby to i verejne uznala.
        </p>
        <p>
          O chvíľu pretrhol som krušné položenie. Vstal som a odporúčal som sa.
        </p>
        <p>
          Pred slečnou som sa nemo, hlboko poklonil. Jej bledá tvár sa vtom
          okamihu zapýrila, ústa akoby sa boli pohýnali - no nevydali slova. Len
          oči, jej veľké, krásne oči boli prosebne uprené na mňa.
        </p>
        <p>
          Nehovoril nik: nemo lúčili sme sa. Ešte i Peter robil smutnú tvár.
        </p>
        <p>
          Ustatý hodil som sa doma do fotela. Bolo mi skoro do plaču. Prekri-
          žoval som ramená a díval som sa do izby. Prešli ilúzie. Svet ukazoval sa.
          mi taký, aký bol, alebo ešte horší, /hnusnejší. - A v sebe samom pocítil
          som dáku prázdnotu, ako čo by mi niečo chýbalo. Divo stisol som zuby,
          <pb/> 
        </p>
        <p>
          keď urážka prišla mi do umu. „Drží ťa za obyčajného švindlera, chvastú-
          ňa!“ preletelo mi hlavou.
        </p>
        <p>
          Chytil som mapu a dlho díval som sa na obraz.
        </p>
        <p>
          „UŽ teraz ťa nechcem, Otta Jablonovská!“ šomral som a divo vytrhol
          som podobizeň z mapy.
        </p>
        <p>
          „Nechcem ťa a čo by si bola tisíc ráz krajšia a čo by si sa mi sama
          núkala. Koniec!“ hovoril som cez zuby a skrkval som obraz v trasľavých
          rukách.
        </p>
        <p>
          Ako ľahko povie sa to „koniec!“ - a ako ťažko prevedie sa to! Akoby
          srdce počúvalo na rozumkovanie. Akoby bylina, ktorá pustila hlboké
          korene, dala sa vytrhnúť bez toho, že by vytrhol si i zem s ňou! Akoby
          láska, silná láska dala sa jednoducho zatajiť, odhodiť...
        </p>
        <p>
          Hodiny bili desiatu. Ustato vstal som a šiel som k ordinácii.
        </p>
        <p>
          Keď prišiel som nazad, v predizbe našiel som Petra. Mlčky podal mi
          malý lístok. Otvoril som ho.
        </p>
        <p>
          „Odpustte! Otta Jablonovská“ - stálo na ňom.
        </p>
        <p>
          „Slečna nežiada odvetu,“ preriekol Peter.
        </p>
        <p>
          
        </p>
        <p>
          „Bolo by mi ťažko dať ju“ odpovedal som trpko.
        </p>
        <p>
          Peter salutoval a odišiel.
        </p>
        <p>
          Napadla ma zlosť, nevýslovná zlosť! „Odpusťte!“ Akoby to jedno slo-
          vo zaceliť malo otvorenú ranu! lečna nazdá sa, že hneď pobežím
          , prosím veď to maličkosť! Tu je ešte druhé líce, zaplujte i na
          to! Všetko pretrpím, len ma neodožeňte, len dovoľte, aby mohol som
          obdivovať vás...!“
        </p>
        <p>
          Mala sa mi hlava puknúť od jedu: žily navreli ako človeku, ktorého
          má poraziť... „Odpustte jedu...“ A potom prišlo mi na um, koľko seba-
          zaprenia stálo napísanie i len toho jediného slovíčka pyšnú, hrdú slečnu.
          Ó, to je velká grácia od nej! Uznať, uznala hned, to viem, ale pokoriť
          sa, výrazu dať tomu: ó, to je náramná grácia...! Lenže nemá výsledku —
          žiadneho. Keby to bola hneď povedala, bol by jej tuším zabudol. Keby,
          ach, keby! Aké krásne nádeje mal som, akí šťastní mohli sme byť, keby...
        </p>
        <p>
          Poobede navštívil ma generál Davidovský. Vrelo tisol mi ruku.
        </p>
        <p>
          „Vidíte, ľudia sami kazia svoje šťastie!“ preriekol ticho.
        </p>
        <p>
          
        </p>
        <p>
          
        </p>
        <p>
          
        </p>
        <p>
          
          
        </p>
        <p>
          „Však tu jednalo sa výlučne o moje šťastie!“
          „Myslíte? Klamete sa, tak ako čo i Otta klame sa!“ hovoril s dôrazom.
          <pb/>„Tuším chceli by ste mi dokazovať, že slečna Jablonovská z čírej lásky
          ublížila mi do krvi?“ pýtal som sa úsečne.
        </p>
        <p>
          „Rozhodne!“ odpovedal on pokojne.
        </p>
        <p>
          „Všetko jedno!“ povedal som ja. „Možno je, zadalo by sa vysvetliť i to,
          noistá vec je, že podobný spôsob vyjavovania lásky je aspoň zvláštny, —
          ak nie hrubý!“
        </p>
        <p>
          „Veď tu ani nešlo o vyjavovanie, ba opačne o zatajovanie lásky!“
        </p>
        <p>
          „Pred kým?“
        </p>
        <p>
          „Hlavne pred samou sebou!“ odpovedal generál. „Otta je pyšná, ná-
          ruživá.“
        </p>
        <p>
          „Nuž už je všetko jedno!“ pretrhol som ho. „Nemienim viac križovať
          cesty slečny Ot...“
        </p>
        <p>
          „Nehovorte to, priateľ môj!“ skočil mi Davidovský do reči. „Láska
          zlomí i najsilnejších!“
        </p>
        <p>
          Bol som hrozne rozdráždený.
        </p>
        <p>
          „Nikdy, pane môj!“ vyvolal som náruživi
        </p>
        <p>
          „A láska i zaplní medzery,“ pokračoval on. „Nuž tešme sa, že príde
        </p>
        <p>
          
        </p>
        <p>
          
        </p>
        <p>
          čas.
        </p>
        <p>
          „Pán generál, prosím vás, nehovorme viac o tom!“ riekol som netr-
          pezlivo.
        </p>
        <p>
          „Ako vám ľúbo!“ riekol on.
        </p>
        <p>
          O pár minút odporúčal sa.
        </p>
        <p>
          „Nádejam sa, že na náš úprimný pomer nebude to mať žiadneho
          vplyvu!“ povedal pri lúčení.
        </p>
        <p>
          Vrelo tisli sme si ruky.
        </p>
      </div>
      <div type="chapter">
        <head>IV.</head>
        <p>
          O dva týždne oslovil ma starostlivo starký profesor:
          „Ste nemocný, pán kolega? Od istých čias ste náramne bledý.“
          „Možno, snáď povetrie!“ odpovedal som. „Práve som chcel oznámiť
          vám, že musím vzdialiť sa z N.“
          „To veru nemilo prekvapujete ma! A na dlhý čas?“
          „Neviem, snáď navždy!“ odpovedal som.
          <pb/>„Ste snáď nespokojný s dačím?“ pýtal sa ma on zarazený.
        </p>
        <p>
          „Ani zďaleka, ale okolnosti nútia ma. A musím dbať io svoje zdravie,
          pán profesor.“
        </p>
        <p>
          „No, no, nemôžem vás hatiť, priateľu,“ srdečne riekol starec, „a naj-
          menej žiadal by si, aby ste onemocneli: ale privykol som na vás, bude mi
          veľmi ľúto za vami!“
        </p>
        <p>
          „Verte, žei ja budem pokladať tie dni, ktoré strávil som po boku va-
          šom, za svoje najkrajšie!“
        </p>
        <p>
          »A meniť sa nedá?“
        </p>
        <p>
          „Nie!“
        </p>
        <p>
          „A kedy mienite ísť?“
        </p>
        <p>
          „Hneď - zajtra, pozajtra.“
        </p>
        <p>
          „Hneď?“ vyvolal profesor. „Ja som myslel, že o mesiac, najprv o dva
          týždne! Hm, hm! Musíte mať vážne príčiny!“
        </p>
        <p>
          „Súrne!“
        </p>
        <p>
          „Čo robiť! Keby mi bolo v moci, dal by som vám mesiac slobody, po-
          tom ale museli by ste mi vrátiť!“
        </p>
        <p>
          » Možno, že tak stane sa!“
        </p>
        <p>
          „Nužv tej nádeji lúčim sa s vami. Mal som vás rád, pán Riečan, a pa-
          cienti tiež budú banovať za vami! Ale zajtra ešte prídete?“
        </p>
        <p>
          » Ak možno...“
        </p>
        <p>
          „No, no, verím. Máte práce! Buďte teda zdravý, pán Riečan, a ne-
          zabudnite na to, že vás čakám!“ riekol profesor a srdečne mi tisol
          ruku.
        </p>
        <p>
          Uľahčene dýchal som na ceste k bytu. Konečne teda prejdú muky,
          strachy. Pozajtra pôjdem preč, ďaleko! Tam nebudem sa strachovať za.
          každým krokom, že zídem sa s ňou!
        </p>
        <p>
          A pritom predsa sťahovalo sa mi srdce od bôľu, keď pomyslel som, že
          neuvidím ju viac. Teraz nechcem vidieť ju, ale myšlienka, že o pár dní
          ani nebudem môcť vidieť ju, bárs by to i ako chcel, naplnila ma nevý
          slovným žiaľom. Darmo tajil som si, darmo hádzal som sa sem i tam:
          ľúbil som Ottu! Ale len slabosť, vedomie vlastnej slabosti hnali ma preč
          ZN. - ďaleko od nej, lebo napadla mi výpoveď starého generála: „Láska.
          zlomí najsilnejších, ona zaplní medzery.“ A to nie, ani za svet: nemô-
          žem tak znížiť sa!
          <pb/>Počal som ukladať veci, chystať sa k ceste. A čím plnšie boli škatule,
          lády, tým ťažšie bolo mi srdce. Umdlený sadol som na stoličku a tupo
          díval som sa na svoju prácu.
        </p>
        <p>
          „Teda preč a bez toho, aby si ju videl
        </p>
        <p>
          Šatkou utieral som mokré čelo.
        </p>
        <p>
          „Keby si mohol vidieť ju aspoň zďaleka! Či je ešte taká pokojná, pyš-
          ná? Či nevidieť na nej, že ľutuje, že tak hrozne urazila muža, ktorý lásku
          niesol jej v ústrety?“
        </p>
        <p>
          Ktosi zaklopal na dvere. Nastrašene, že by mi kto myšlienky čítať mo-
          hol, prešiel som rukou cez tvár.
        </p>
        <p>
          Vošiel starý Peter. Oddal mi list.
        </p>
        <p>
          „Vtedy nežiadala som odvetu: no teraz už minulo viac času a snáď
          otupilo ostrie mojich nešťastných slov. Pýtam sa vás teda: Odpustili ste
          mi, odpustíte mi? Otta Jablonovská.“
        </p>
        <p>
          „Slečna znižuje sa veľmi!“ bola moja prvá myšlienka: no podľahol
          som lepšiemu duchu, keď odvetil som jej:
        </p>
        <p>
          „Nemôžem tajiť: bolí ma a bolieť bude ma vždy, že nevedel som získať
          u Vás inú mienku o sebe. No nehnevám sa, odpúšťam Vám úplne, tým
          viac, že napozajtre vzďaľujem sa. Bolo by nepekne, aby som bral svoj
          hnev so sebou i do diaľky. Budem sa usilovať, aby som na Vás pamätal
          bez trpkostí vždy, keď prídu mi takzvané slabé okamihy. Buďte šťastná!“
        </p>
        <p>
          Oddal som list Petrovi.
        </p>
        <p>
          „Chodievate ešte do parku?“ pýtal som sa ho.
        </p>
        <p>
          „Nie! Ach, u nás ide teraz všetko naopak!“ odpovedal on a hlboko
          vzdychol.
        </p>
        <p>
          Potom okúňal sa pri dverách.
        </p>
        <p>
          „Máte ešte dačo povedať, Peter?“
        </p>
        <p>
          „Nie, nič - ba...! Už vám len poviem, pán nadlekár,“ habkal on a za-
          stal v reči.
        </p>
        <p>
          „No len von! Ako vidíte, už ťažko vidíme sa viac,“ posmeľoval som
          hoja.
        </p>
        <p>
          On si odkašlal a potom preriekol:
        </p>
        <p>
          „U nás banujú za vami, pane, veľmi banu...“
        </p>
        <p>
          „No, no, Peter!“ pretrhol som ho. „Myslel som, že mi o druhom chce-
          te hovoriť.“
        </p>
        <p>
          te
          <pb/>On len stál na mieste, potom schytil kľučku a chvatom povedal:
          „Naša slečna umrie, ak odídete!“
          Nato tresol dvermi.
          Ja stál som ako skamenený. A on zas strčil hlavu: dvermi a hrubým
          hlasom riekol:
          „A Má tiež ste bledý, chorý! Utekáte pred šťastím: vravím vám: zhola.
        </p>
        <p>
          
        </p>
        <p>
          Potom už odišiel celkom: počul som jeho ťažké kroky.
        </p>
        <p>
          Triasol som sa na celom tele. Hlavou rojili sa mi myšlienky, hmlis-
          té, neisté. Prsia silne dvíhali sa: „Ona umrie, - pred šťastím utekáš!“ A.
          zas krásnym zdal sa mi svet. Prišiel mi na um generál Davidovský. On
          dobre posúdil povahu Ottinu: ona ma ľúbi, silne, náruživo... Ach, slasť,
          rozkoš...! Už som si maľoval krásne obrazy z budúcnosti, z našej budúc-
          nosti: akí budeme šťastní, rajom nám bude... Ach! Odrazu zastal som.
          Prišla mi na um urážka a generálova výpoveď: „Láska zaplní medzery!
          Ako ranený zver zajačal som od bôlu, „Nie - nikdy! Koniec!“
        </p>
        <p>
          Bôlmi prerývaný dotiahol som sa k stoličke a hodil sem sa na ňu. Za-
          kryl som tvár dlaňami a tupo som šeptal: „Koniec!“
        </p>
        <p>
          Neviem, koľko času strávil som v mukách. Klopanie prebudilo ma.
        </p>
        <p>
          Zas vošiel Peter. Tvár blčala mu, bol celý rozčúlený. Zadychčaným
          hlasom hovoril mi:
        </p>
        <p>
          „Na vás čaká!“ odpovedal rýchlo. „Nesmiete odísť prv, kým nezídete
          sa s ňou!“
        </p>
        <p>
          „Nepôjdem, Peter!“ odpovedal som pokojne, hoci srdce bilo miskoro
          hlasne.
        </p>
        <p>
          Jemu stiahli sa hrubé obrvy, oči hádzali mu iskry.
        </p>
        <p>
          „Musíte ísť, pane!“ vyvolal prudko. „Ja som sľúbil mojej slečne, že
          dovediem vás k nej. Ja, ja - tuším ponesiem vás, ale musíte k nej!“
        </p>
        <p>
          Ja vyskočil som zlobne, no on nedal mi prísť k slovu.
        </p>
        <p>
          Trasľavo, jemnosťou, akej jeho hrubý hlas len schopný bol, prosil ma:
        </p>
        <p>
          „Ako vás rád mám oboch! Odpusťte, mne ide do plaču, keď vidím
          moju bledú, chorú slečinku, Nebudte tvrdým, prídte!“
        </p>
        <p>
          Chytil ma za ruku a ťahal ma.
        </p>
        <p>
          „Poďteľ“
        </p>
        <p>
          „Idem, Peter!“ riekol som dojatý a šiel som.
        </p>
        <p>
          
        </p>
        <p>
          
        </p>
        <p>
          NY
        </p>
        <p>
          
          <pb/>Rýchlo kráčali sme: za pár minút dorazili sme do parku. Už neboli
          sme ďaleko chodníka. Pri jeho vchode černeli sa ženské šaty. Mne rých-
          lejšie bilo srdce.
        </p>
        <p>
          Peter zastal a chytil mi ruku.
        </p>
        <p>
          „To je ona!“ riekol ticho. „Na rukách nosil som ju, pane! Majte zmi-
          lovania!“
        </p>
        <p>
          Vrelo potriasol som mu ruku a opustiac ho, kráčal som k chodníku.
        </p>
        <p>
          Otta vybehla na stred chodníka a chytila mi obe ruky.
        </p>
        <p>
          „Ďakujem!“ riekla tíško a viedla ma k lavičke.
        </p>
        <p>
          Kam podela sa pýcha, kam pokoj z tejto tváre?
        </p>
        <p>
          Kráčala rýchlo, hruď sa jej silne dvíhala od vnútorného rozochvenia.
          Jej ruka pálila ma ako žeravé uhlie. Došli sme. Zimnične stiahla ma na
          lavičku k sebe, celkom k sebe. Jej horúci dych týkal sa mojej tváre, keď
          hovorila. Jej hlas utlmený až do šeptania podobal sa trasľavosťou svojou.
          tomu najjemnejšiemu tremolovaniu.
        </p>
        <p>
          „Pozrite, aká som ubiedená! Nemala som hodinky pokoja, nie v noci,
          nie vo dne - odvtedy. Prestála som pokutu strašnú, - chcete ešte ďalej
          isť?“
        </p>
        <p>
          Uprela uslzené oči na mňa. Ja pozrel som na jej krásnu, bledú tvár,
          pred očami točil sa mi svet: závrat dostal som. Nebol som schopný slova.
          Zdvihol som jej ruky a náruživo celoval som ich.
        </p>
        <p>
          Ona zajasala.
        </p>
        <p>
          „Teda, áno? Úplne?“
        </p>
        <p>
          Kývol som hlavou.
        </p>
        <p>
          „Ó, ja by som bola vedela obetovať svoj život, aby som napravila chy-
          bu!“ zvolala.
        </p>
        <p>
          Ja som sa striasol.
        </p>
        <p>
          „A keby som teraz žiadal tú obeť od vás, Otta?“ tíško preriekol som
          a bojazlivo zrel som do jej očú.
        </p>
        <p>
          Ona ešte vyššie vyzdvihla sčervenenú tvár, oči svietili jej, ústa stiahli
          sa a vydali hlas, ako keď hrdlička zasmeje sa. Zopäla biele ruky a tisla.
          ich na moju hruď.
        </p>
        <p>
          „Ó, veď povedz!“ šeptala náruži
          tvrdili. Ty mi povedz, že ma ľúbiš, silne, aký si sám, náruživo, aká som
          ja. Povedz mi!“
        </p>
        <p>
          „Povedz mi to, čo mi všetci dávno.
        </p>
        <p>
          
          <pb/>Ale nečakala na odvetu: ovila ramená okolo mojej šije a horúco šep-
          tala:
        </p>
        <p>
          „Mlč! Najprv ja! To je ale malé slovo pre mňa: „Ľúbim ťa! Ja, ja...
          neviem...“
        </p>
        <p>
          Hrmot vozíka vytrhol nás. Peter tiskal v kočíku majora, ale omnoho
          rýchlejšie, ako keď sme utekali pred dažďom.
        </p>
        <p>
          „Tu sú, svoji sú!“ vyvolal zvlneným hlasom starý sluha.
        </p>
        <p>
          Otta vymkla sa mi z ramien a pristúpila k vozíku. Od otca šla rovno
          k Petrovi a vďačne objala ho, pobozkala jeho vráskovitú tvár.
        </p>
        <p>
          „Môj drahý, starý báťuška!“ riekla k nemu.
        </p>
        <p>
          Starý vojak od radosti - čkal, lebo plakať nevedel.
        </p>
        <milestone unit="subchapter" rend="stars"/>

        <p>
          K obedu prišiel generál Davidovský, a pretože bol malicióznym člove-
          kom, doviedol so sebou i môjho profesora.
        </p>
        <p>
          Žartom a výsmeškom nebolo konca-kraja, no nateraz boli sme pois-
          tení proti podobným nehodám. Smiali sme sa so smejúcimi, a keby nás
          dakto bol poprosil, aby sme plakali, tuším boli by sme doviedli i to, lebo.
          boli sme ako deti - šťastné deti!
        </p>
        <p>
          „Očuj, brat môj!“ preriekol blažený otec ku generálovi. „To teraz nám
          dvom prichodí úloha žiarlivých!“
        </p>
        <p>
          Staručký generál pokývol hlavou.
        </p>
        <p>
          „Veru tak!“ odpovedal robenou zlosťou. „Nešťastný park, nešťastná
          lavička!“
          <pb/></p>
      </div>
    </body>
  </text>
</TEI>
