<TEI xmlns="http://www.tei-c.org/ns/1.0" xmlns:tei="http://www.tei-c.org/ns/1.0" xmlns:eltec="http://distantreading.net/eltec/ns" xml:lang="slo" xml:id="SLK1885690">
  <teiHeader>
    <fileDesc>
      <titleStmt>
        <title>Ztratený pandúr : ELTeC edícia
        </title>
        <author>Beblavý, Pavol (1847-1910)</author>
        <respStmt>
          <resp>editor</resp>
          <name>Marek Vician</name>
        </respStmt>
      </titleStmt>
      <extent>
        <measure unit="words">6609</measure>
        <measure unit="pages">14</measure>
      </extent>
      <publicationStmt>
        <p/>
      </publicationStmt>
      <sourceDesc>
        <bibl type="printSource">
          <author>Beblavý, Pavol (1847-1910)</author>
          <title ref="ISSN:1335-7786">Ztratený pandúr</title>
          <pubPlace>Turčiansky sv. Martin</pubPlace>
          <publisher>Slovenské pohľady</publisher>
          <date>1885</date>
        </bibl>
      </sourceDesc>
    </fileDesc>
    <encodingDesc n="eltec-1">
      <p/>
    </encodingDesc>
    <profileDesc>
      <langUsage>
        <language ident="sk"/>
      </langUsage>
      <textDesc>
        <eltec:authorGender key="M"/>
        <eltec:size key="short"/>
        <eltec:canonicity key="unspecified"/>
        <eltec:timeSlot key="T3"/>
      </textDesc>
    </profileDesc>
    <revisionDesc>
      <change when="2024-01-16">
        Initially created as an ELTeC file
      </change>
    </revisionDesc>
  </teiHeader>
  <text>
    <front>
      <div type="titlepage">
        <head>Ztratený pandúr</head>
        <head>Rozpráva P. Drahomír</head>
      </div>
    </front>
    <body>
      <div type="chapter">
        <head>I.</head>
        <p>Slniečko vyšlo zpoza rozdal hráči Nebo bolo jasné a
          $ valo krásny deň. A bolo by i žiadneno, aby bol pekným. Zpý-
          tate sa, že prečo? Nuž poviem vám úprimne, že je to veľmi ne-
          príjemná vec, keď je veľtrh a prší. Lebo keď. piší, je blato a keď
          je blato, človek“ sa ľalko zamaže, už «či chce a či nechce. A na
          jarmoky sobotišťské v poslední roky veľmi zhusta pršiavalo. Naj-
          lepšie vedeli by o tom povedať arendgaf 1 títo si želali, aby bol
          pekný deň lebo keď prší, te sobotišťské a veľmi blatnaté.
          Nedáš-li pozor, hneď hujmeš nielen po či le aj povyše do
          blata. Ale pri veľtrhu jaký pozor? Tu ťa ten, tu zas ten Strkne,
          takže pri všetkej tvojej“ pozornosti, "ani sa nenazdáš len, až stojíš
          po kolená v mláke.</p>
        <p>Mnohí sa síce posmievajú Sobotišťanom, že tu len perníky,
          praclíky, oblátky a pečienky dostane kúpiť, a prezývajú jich pracli-
          kármi a, oblatkármi, rú zase Vrbovčanov opalkármi sh Častlssžitit
          sykorkármi.</p>
        <p>No neverte, žeby v Sobotišti len perníky na veľtrhu k dostaniu
          boly. Dostaneš tu, čo len chceš: statok, kabáty, kožuchy, vozy,
          pluhy, " hince, varechy, čipky: lopaty, trlice vyberané, rebriny,
          opálky, a ktože by to všetko vyrátať vedel, čo na veľtrhu k dosta-
          niu A k zakúpeniu je, len keď máš peniaze. Veľtrhy sobotišťské</p>
        <p>nezaslúžia. teda tú hanu. Sú ony starého pôvodu. Kto neveríš, pi
          čítaj si nasledujúcu listinu, ktorá o starobylosti . veľtrhov sobotišť-</p>
        <p>„My rovskéj a Thardovskej Familie jednota jakžto Diediež-
          ních Panuv Panny všeczkeho Panstva Braneckelo : kcz: „jednemu
          každemu ajicze Naznamost  kdebi koľvek Potreby bilo a prislu-
          šalo. Že Werny pa Mudry a Opatrny Mestečzka Sobotištia tak
          reczeneho a v S Stoličzy Niťranskej pod Zamkem Brančz vi-
          staveneho prebi zy Obivatele kteriž jistima od Svatich nekdy
          Kraluv Krajiny Uherskej Slobodami, a naddanim obdarovaný w do-
          volený bil. Jest pravda jejieh listi na toto predešlima czasmy
          Burky a Wojen nešezaslive straczene se vynalezaju. My protož na
          poniženu juž jmenovanich vernich Poddanich naších nam danu po-
          niženu Supplicatiu jednomislne a Obeczne na to dovolicze tímto, a
          všeckým jejich potomkom znovu davajieze dovolujeme tito Slohody S
          Prvný totišto aby jednoho -každeho Roku davany Wina jmenova-
          neho: Mestečzka Sobotištia na Osoh a Užitek jejich! Obeczný bila.
          od Svateho Michala Archanjela počznoucze až do Noveho Roku n
          bolišto Obrezany Krista Pana bez všelijakej prekažky, Druhé,
          v každem jarmoku, ktery každo-Ročzne trykrat hivajieze. Totiši
          na den Svaätelio Mateje Apoštola, zátim" na Nehe vzetý Panny Marie
          czož vicze na Svateho Lukaša Evaujelisty niez jinaczej Prez try</p>
        <p>
          <pb/>
        </p>
        <p>S</p>
        <p>- zväčša opustené. Jeho ,</p>
        <p>dny aby bily od všetkich robot našich oslobodený a Slobodny, ne
          jimakšim Spusobem Prostredkuieze“ Abi po cžasu tomto anebo Ta-
          kovichto jarmaku naše každodenný Pracze,a Roboty vedle ustano-
          veneho cžasu nam vykomawaly. a robit musely, na ežež my dava-
          jicze, a potvrzujieze na Weežnost „tito li Rukamy vlast-
          nima Podpisem a jednoho každeho M ) zeny, Obezy tejto,
          i iv eňovaneho Mestecžka Sobotištia aPo-
          im Offerovaly sme a daly. . Kterež,.
          listy preežitajicze od. kterehož kolvek v jakém kolvek Stave nebo-
          lišto Conditie takovete listy abi jim mavracene bily: tak «hceme.
          Dano v Mestetžku | Sobotišty dne“ Prvniho -Mesieza Januárij
          Roku 1614.
          Joannes: Si
          Taudovieus</p>
        <p>Ť Meftheny.
          s Tardy.
          0. t: Jus. Notario</p>
        <p>Hedervady: István. Georg
          neiseus Nad Milalí. b)
          Joanne Flostaeto:
          ce 0+11a TREE +w “ loci.“ ni 41 Bu
          „Neltrh v. Sobotišti. býval teda opraydovým sviatkom pre -pod-
          daných, veď vtedy za tri dni boli svobodní, nik jich nesmel vyhnať
          na panské. af w % alu 63
          Od tých čias sa veľtrhy sobotistské o tri«rozmnožily, „avšak i
          tie. staré ešte, voždy, sú „využitku: Sviatočný náter zachovaný ale</p>
        <p>“ ez ducha po dnes.</p>
        <p>+ uburia
          Bolo po na nebe vzatí, Panny Marie, alňa, 16: :augusta 188%.
          Slniečko osvietilo už nielen utešené okolie Poulbranča, ale i vršky
          okolia, sobotišského, « Ucliánek, Vápenky, | Kozikrepec, Havran, Ma-
          cejov, v jeho zajasaly sa i starodávne panské kaštiele Hore-
          ckých, Vietorisov, Broďauyho, Bránika, Le tého a „iné, teraz
          ši i nok sobotišťský,
          nkou, stál 0 zrub
          ký, ľa nnšálek. Na hlave mal
          ehožto vrch nebol. guľatý, ale useknutý,
          a kdesi nosia. ,Vésta. jeho obťažená
          ý dobrý vlasský orech striebornými gombami,
          uhorské nohavice a čižmy tvorily ďalší.,oblek jeho. Kabáta dnes
          nemal, Jebo, bolo teplo hneď z rána. Z košele nebolo vidno len ru-
          kávy, a tie pvukazí v, že bola nová, pekná, biela. V rukách držal
          čakan, ma ktor: obyčajne podvpieral. Postavy bol strednej &gt; tvár
          mal, krátkymi fú: „ozdobenú. vek smlea dobrého, ale keď sa
          rozzlobil, bol hrozným, neušetriac žiadneho. V dobrom ale rozmare
          i si zažertoval.. Súdiac dla, výrazu £váve, je dnes dobre naladený.
          Zdá. sa, že. pozoruje prichodiacich kupčov a predavačov, bo tvárou
          obrátený je k xýnku, ktorý z mostu celý priehliadnuť mô:
          Je síce ešte skoro, ale už teraz zavierať možno ná hlučný veľ-
          trh, bo: jarmočníkov. čô chvíľa pribýva. Veď už aj pán y i
          s. podslúžnym sú tu. A: paudúri. z celého okolia. ľa ozaj, k-čomiu
          jich toľko? rozmýšľal i sám Šimšálek a s ním všetci, ktorí jieh #
          videli. LB +.
          "ľu. poklépal ktosi od chrbta nášho starého“ ponku. — bo bol
          už asi šesťdesiatnik — po.pleci. To: ho vytrhlo z myšlienok.</p>
        <p>
          <pb/>
        </p>
        <p>EE EO
          HE TE AO</p>
        <p>„Dobré ráno, pán brat,“ tá
          „Pán Boh daj aj vám! — Ale vy ste už tu, páni brati
          museli ste včasne vstať. Snáď ste si už nekde dačo ohliadli?“
          „Ach! horkýže, ale by sme nedbali, keby sme už mali niečo
          kúpené: bo ináme" doma náhlu robotu.“ “
          „No nevídali: "do Senice ľahko prijdete, aj ešte dosť kúpite.
          "Snáď by som vám vedeľ i niečo poradiť, keď vám tak na pilno. A
          "/čôrže by ste takto chceli?“ x
          „Nejaké dobré prasiatka na pečenky:“ te)
          „Keď dáte dobrý oldomáš, poradím vám. "Veru prasiatka na
          večetky bárs jak si hneď by sa mohly zabiť. A to nie jedno,
          z ale len keď dáte dobrý ollomáš.“
          „Bez oldomášu jich iste nevyjetnúme, ani nekúpime, to sa
          rozumie, že táme.“
          „Dobre, dobre, páni bratia! Vy hráte na múdrych, keď“ 51. po-
          — a keď kúpite, dáte, a keď sa nepojed..áte a nekúpite, |
          ale chcem hneď. Vy by ste-mohli olďontáš aj bezo mňa</p>
        <p>No</p>
        <p>" vypiť.“
          „No to! veď len nepôjdeme k druhému, jako k vám? zazná- — |
          vate nás, pán brat.“
          „Nie, nie, pán. brat! Ja sa vždycky držím toho slovenského
          porekadla, že: „lepšie niečo z rána, jako na večer nič,“ alebo
          ini „lepší vrabec v hrsti, jako zajác v chrasti.“ Ostatne, však
          (ja vás nenútim &gt; dáte, dobre: nedáte, tiež dobre.“ |
          „Ale, čože by sme nedali? poďme teda k vám: veď aj nám |
          treba, aby sme si zaraňajkovali.“ |
          „Nech sa Túbi teda, páni bratia! rečie vážne pán Šimšálek a |
          vedie“ pánov bratov do hostinca, ktorý bol jeho majeťkom ešte i |
          s druhým domom, neďaleko mosta. )
          O pánu Šimšálkovi sme ešte zapomenuli podlotknúť, e podľa
          povolania bol mäsiarom a shovárajúci sa s ním na moste
          tiež k tomu povolaniu a pochádzali zo Senice. Menovali j |
          meček a Ondráš. |
          Sotva že tamtí odišli, zaujali jích miesto na moste iní. Bola )
          to zväčša svobodná clasa z okolitých osád i z mestečka, všetci
          sviatočne vystrojení. Každého si po rúchu poznať mohol, či je
          z mestečka, či z kopaníc, či z Podbranča, Rovenska alebo Čast-
          s kova. Najturtáckejšie z nich vyzerali“ Rovenšťani a Častkovani. Už
          tie jejich pávové, vysoké perá, alebo biele Kohútie kosierky za ma-
          ostuškovanými a rozlične ozdobenými klobúčikmi poukazujú,
          že jích majitelia si o sebe čosi myslia. Ku peknému klobúku však
          musí byť i pekná, hodbábom vyšívaná, tenká biela košielka, so ši- ti
          rokými rukávami. Na maličkom lajblíku tiež hodbábne štepovanie
          ä cifry v predu i na chrbte. Pod krkom i dolu je zapiaty. Pod |
          krkom opála sa jim celý rad ciftovaných košelových šnorek a dolu |
          červená stužka pri veste. Vo vretku vesty veľký biely ručník, kto- |
          rým sa pri £anci utierajú. Bez cigary v ústach málo ktorého vidíš.
          A čoby ho hneď hlava za. dva dni bolela: ma veľtrh a na nedeľu )
          cigara musí byť. To patrí k terajšiemu bontonu. Čím kto viacej
          fajčí, tým lepší vlastenec, lebo tým napomáha krajinu. Preto tým,
          ktorí v krajine nefajčia, mali by väčšiu daň naložiť, aby sa s faj-
          36</p>
        <p>
          <pb/>
        </p>
        <p>čiarmi vyrovnali a rovnako prispiev: li, alebo fajčiarom o to, čo
          prefajčia,, by menšiu daň naložiť maji.</p>
        <p>Neviem, ale sa mi zdá, že naši chasníci o niečom takom ho-
          vorili. Snáď jim zavdali k tomu príležitosť finančníci, ktorí práve
          okolo nich preš i ale o tom, či o inšom hovorili, bolo to len
          preto, aby hovorili. Odrazu však hovorenie jejich vzalo inší smer.</p>
        <p>„Jane! štuchne loktom Martin Žáček popri ňom stojaceho Jana
          Z Dolinského : ale ju vi .</p>
        <p>„Koho? né pýta sa štuchnutý a podíva sa skorej na miesto, kam
          ho bol Martin súril, či mu naozaj rebro nevystavil.</p>
        <p>„Koho?“ hovorí posmešne Martin, jákoby nevedel.“</p>
        <p>„Hej, ale ti je len pekná, ledačina!“ e Jožko Kolár,</p>
        <p>„ Veru je, kamarát,“ prisvedčí Jurko</p>
        <p>&gt; Jako väčšina Dolinariek,“ rečie iný.</p>
        <p>„Kráča, jako na strunách.</p>
        <p>„A zvrtá sa, jako osa.“</p>
        <p>&gt; Obzvlášte tie jej oči, pravda, Jane?“</p>
        <p>&gt;Tie už nejednoho popichaly:“ povie
          i teba bodnuly. Pozriže sa len na toho pandúra hen. j
          ňou točí.“ P</p>
        <p>„Padla mu do oč rečie Martin.</p>
        <p>„Ja som počul, tam. chodí.“</p>
        <p>„Jaj, tam jich mnoho chodí!“</p>
        <p>Šak že už má mať ohlášku s jakýmsi Myjavcom.“</p>
        <p>&gt; vláči. sa jich tám. mnoho, nielen z Myjavy, ale i z Bukovea,
          z Prftiže, a čo ja viem, odkial,“</p>
        <p>„Načo si to dovolíte? Však keď sa Havlík ženil a bral si
          Z Bukovca, Bukovčania vás škarede nadelili, keď vám Kaščáka
          skoro zabili.“</p>
        <p>„My sme pridobrí. Vy Ttovenšťania by ste to pravda netrpeli.
          vy aj tých prepúšťate, ktorých by ste nemali.“ y</p>
        <p>„Neviem, koho?“</p>
        <p>&gt; Nuž a Mičovi ste neprebili, hlavu?“</p>
        <p>„To sa omylom stalo. Tí, čo to urobili, nevedeli, že si Miča
          prišiel pre svoju. ženu, ale mysleli, že to je niekto na vohľadoch
          u švagrinej j</p>
        <p>Y tom priblíž
          mládencom.</p>
        <p>„Neutekaj tak, Ivistino!“ osloví ju Martin.</p>
        <p>„Pán Boli daj aj vám!“ rečie oslovená.</p>
        <p>Zj tebe, čo nemáš:“ odpovedajú so smiechom mládenci.</p>
        <p>„Veru ste pekní mládenci, keď ani dobr deň neviete «lať!“
          7To je tvoja povinnosť, keď ideš okolo nás.</p>
        <p>JA väša pov mat postávať.“</p>
        <p>ľa sa Dolinárka, 0 ktorej reč bola, až ku samým</p>
        <p>„A čo predávate?“</p>
        <p>„Sami seba: kup ši dajednoho.“
          7No veru pekná parteka !“
          „Nielen pekná, ale i úžitočná.“</p>
        <p>
          <pb/>
        </p>
        <p>„
          „Len. si ka a la uvidí
          &gt;K ipiť jako kúpiť — ale potom: predať,
          tie nemám peňazí.“
          „Sveríme ti, len si vyber.“
          &gt; Nepotrebujem.“
          „Skoda.“
          „5 ľánom Bohom!“
          „Nože počkaj —“
          „Na času.“</p>
        <p>Na nešťastie alebo</p>
        <p>Ľekne veru! čo by ste sa vy mne
          mali
          „Keď hýb — pýtame my.“</p>
        <p>„Preukážte sa najprv vy!“</p>
        <p>&gt; Veď by sme my to aj urobili, keby sme ti vhod boli. S tým
          pandúrom hen si ináčej hovorila, nám len tak odfrkuješ.“</p>
        <p>„Musíte i vy takými byť, jako on.“</p>
        <p>„No môžeš mu povedať, jestli nechce, aby ho v plachte od-
          niesli, nech sa na Dolinu neukazuje.“</p>
        <p>„Malý strach! Kto sa mnoho strojí, mnoho nevykoná.“</p>
        <p>„No však uvidíš, čo sa s ním stane!“</p>
        <p>Na výhružku Jána Dolinského. Kristina sa usmiala, on ale zaťal
          zuby a začervenený v tvári hrozivým pohľadom sprevádzal odcho-
          diacu devu, ktorá z jeho výhružok ničoho si nerobila. Smiech ka-
          marátov ho ešte väčšmi k hmevu popúdil.. Nemajúc však 1a kom,
          vyvršil sa na cigare, ktorú vyjmúc z úst, celú pomrvil a praštiac
          ňou 0 zem, po nej šlapal. a</p>
        <p>„Ej, Jane! keby tá cigara bol ten Garabáš:“ povie Martin.“</p>
        <p>&gt;Ba ten Garabáš, jako tá cigara, čo chvíľa by s ním poriadok
          urobil fa</p>
        <p>„No však uvidíte,“ rečie namrzený Ján a odíde z nevoľnený
          do trhoviska. Za. ním rozišli sa i ostatní.</p>
      </div>
      <div type="chapter">
        <head>II.</head>
        <p>Za dubovým, do čierna prechodiacim stolom sedeli pri oldo-
          máši mäsiari senickí: Sameček, Ondráš a domáci gazda Šimšálek.
          Medzi rečou prišly do spomienky i staré osudy mestečka, keď tu
          keď tu kedysi z celej stolice sa schádzali. Tu býval podžupan, slúž- |
          noýci, komisári a všelijakí páni. — Kolko domov sa obrátilo už
          v orumy!</p>
        <p>„Ešte môj otec,“ hovoril pán Šimšálek, „pamätal sa dobre, čo
          vr rýnkových domoch samí kresťania bývali.“ Dnes okrem Eisnerov-
          ského domu sú už všetky v rukách židovských. My kresťania, hy-
          nieme. Je to trest Boží na nás. Kedysi židáci z celého Sobotišťa.
          platili 12 zlatých dane, aby tu trpení boli, a dnes ten najchudob-
          nejší platí toľko. Mám to čierne na bielom.“ A tu siahnul do vre-
          cka, vytiahol kľúčok a z dubovej, za stolom stojacej armarie vy-
          tiahnul starý zažltlý papier, ktorý rozvinúc, na stole čítal:</p>
        <p>„ľar Contractus communitatis Judaicae cum Commmitate opp.
          Szobotist initi.</p>
        <p>36%</p>
        <p>
          <pb/>
        </p>
        <p>ň W níže podepsanj zn: mo činjme, že hitov Sobotiskau stra:
          ny Židá z Hodonjna a od iš
          lych pokonali sme sa o Portiu Kralovskau, že každor
          rovi Sobotiskemu ot tych Židuv prjštjeh odevzdame #1. 12 a to bez
          všeckej je, yce jednu polovicu na S. Jura, druhú pak
          na 8. Michala odevzdame. Čo jestli by sme nevykonali, teda takové
          penjze skrz Kxe ui, od našeho rychtara židovského vždycky bude
          mét slobodu v h ú A let, (al est učinčny, že treba
          ednakem stavé “
          zostavat bude. Na co sa podpisujeme. Szobotisty 19. Xbris 1776.
          Joseph Wolf, rychtar. Joseph Lebl. Jakub Wolf. Simon Herss</p>
        <p>My Uradé tež na tento Contract. do dalšeho stoličného z
          pristavame. Aet ut Supra.</p>
        <p>Rychtar Johannes Vitek. Burgmister Johannes Polevka.
          Joram me Martino Horvath, J. Cottus Nittr. Jurassore m. p.“</p>
        <p>„ľu mám zase „Regi: od Grubej povodne v Sobotišty Ľo-
          znamenenich Richtarú, který jest s kterej stranky Roku panie 1672.
          Tento je ešte starší.</p>
        <p>Povod to bola okolo Medarda. Vrbovčanka sa tak rozvod-
          nila, že i do kostola a fary voda vniknu arára utekajúceho
          z fary pred vodou h: retovali kyrisrajtare, ináčej, niet
          týchto, bol by sa utopil. Voda mnohé domy poválala a 99 ľudí sa
          utopilo.</p>
        <p>Ďalšie hovorenie o povodní pretrhol mladý Brunčko, ktorý vstu-
          piac do chyže, najprv poslúchal, potom ale, keď Šimšálek chcel
          mená niektorý: htái 0 a hovoriac, že to máloktorá obec
          sa môže pochlúbiť, al h predstavených, zamie-
          šajúc sa do reči, povii</p>
        <p>„ľán tatík, keď dáte tri hollby vína. všetkých tých riehtárov
          vám poviem. aj bez písma nazpiumäť.“</p>
        <p>) le štyri.“</p>
        <p>„No aj my vám dáme toľko,“ hovoria Sameček a Ondráš.“</p>
        <p>Brunčko mlaskmil ústami, ani čoby dlaňami bol plasnul:
          skočil, až skoro hlavou podlahu prebil, a dopadnúc na zem,
          chyža sa striasla pod ním. Bol to z
          istý a výraz radosti, že dnes k | A</p>
        <p>„ľán strýček! dovoľte ale, aby som si mohol trocha hrdlo
          ovlažiť. bo tých mien je mnoho, veľmi by mi vysehnulo.“</p>
        <p>„No napi že sa!“</p>
        <p>Brunčko vzal pohár, obrátil hore dnom a tuto: zmiznulo v gá-
          gore, ani čoby sa tam bolo prepadnulo, jako ten prameň vody na
          Dobrej vode. Potom si ale zastal, a položiac ruky na kríž, začne
          remzať, že pán Šimšálek nestačil za ním: čítal mena sobotišťských
          richtárov „ 1672—1759. Bolo jich 116.</p>
        <p>Oni áť «hceli vsta odísť, bolo jim to
          tiež prizdlhavé, bárs i z počiatku pozorne n li, či ozaj Bruučko
          svojej úlohe za dosť urobí. Teraz ale už sa náhlili len čím skorej
          do trhu Jebo domov, vy: ajúc pana brata, aby jim dané slovo
          zaulržal,</p>
        <p>„No keď tak ponáhlate a nechcete sa pribaviť, poviem vám,
          Že hore na Čupe Sládeček má pekných päť prasiatok, na pečienky</p>
        <p>
          <pb/>
        </p>
        <p>č J
          jako súcich, lebo jich zrnom chová.“ Jestli sa vám zaľúbia,
          &gt; sa pojednať. Myslím, že vám z nich dve-tri prepustí. Ňo a
          za oldomáš pekne ďakujem.</p>
        <p>„Aj ja ďakujem!“ usmieval sa Brunčko, ale nie na odchádza-
          júcich, ale na fľašky vína, ktoré pred ním stály.</p>
        <p>„Iado sa stalo!“ hovoril Sameček a dajúc s Pánom Bohom,
          odišiel i s Andrášom na Čup ku zakúpeniu prasiatok.</p>
      </div>
      <div type="chapter">
        <head>III.</head>
        <p>Za terajším katolíckym kostolom, ktorý bol vystavený (2
          horlivým evanjelickým pánom, Ľudovítom Nyárym, jako to nápis nasl
          vehodom až podnes svedčí, a ktorý evanjelici až do roku 1697 pri
          ji ách Božích užívali: nachodí sa vršok Čup. Gelý vršok
          stavaný bol malými domkami, ktoré sa tu pekne, jako ne-
          Ň Z domčekov: týchto prehliadnuť mohol celé
          mestečko. Mnohé z nich sú už poválané. .</p>
        <p>"Tu na Čupe ni tohoddil sa dom“ i pána majstra Sládečka.</p>
        <p>ľán ček sedel na svojom verpánku, sohnutý ku
          cifroval, aby-boly úhľadnejšie, a poneváč
          sa s nimi k jarmoku ponáhľal, teda i odbytnejšie. Kto by ho bol
          i by bol uhádnul, že mu je na pochytre, bo jarmok: sa
          lajster Sládeček však nemal strachu, že svoju hoto-
          Za jedno, nemal toho tak mnoho a za druhé,
          je nielen dobre platená, ale i hľadaná. Preto málo
          kedy sa tratilo, aby on svoju prácu domov bol priniesol a na jar-
          moku nepredal. 2
          ale teraz náhlil, príčina bola iste len tá, aby neskoro
          lebo „kto neskoro chodí, sám sebe škodí.“</p>
        <p>Do vilnej práce docela pohrúžený, ani nepozoroval, že ktosi
          na dvere už po druhý raz klopal, lebo i by iste sa ozval a
          bol povedal svoje „voľno!“ alebo „herein!“ „Szabad!“ to ešte ne-
          znal, lebo bol slovenským ševcomi 3</p>
        <p>Po druhom klopáni, bárs sa nikto neozval, dvere sa otvo-
          nich otvorila, rvená, okrúhlá tvár, kukajúc zvedavo do
          to kto dnuka. Však nebolo dosť na jednej, nkázala sa i
          druhá, hovoriac :</p>
        <p>„Doma ste ešte, pán majster?“</p>
        <p>„Doma, doma — ale už už som hotový, už idem zaraz,“
          hovoril sekano pán majster. Teraz už dvere sa roztvorily dokoran
          alnu do izby vnišli dva mužskí. Bolito naši známi Sameček a Andráš.</p>
        <p>„No, Pán Boh vám daj dobrý deň!“</p>
        <p>»„ľán Boh daj! Pán Boh daj!“ hovorí chytro Sládeček, ale
          preto“ nevstal zo svojej trojnožky, ale jako čoby sa ešte väčšmi po-
          O sotva že mu rozmmneť možno, víta príchozích a núka aby si
          stlnuli,</p>
        <p>„Nemáme času, pán majster, prišli sme len na okamženie a</p>
        <p>vy, jako: vidíme, tiež sa ponáhľate.“
          „Tak je, tak! ad animam, tak je, tak! dobre vidíte.“
          „Povedali nám, že máte pekné prasiatka, súce už na peči
          „Mám, ad animam, mám: ktorékoľvek z nich ujo
          pečienku.“</p>
        <p>onky.“
          byť na</p>
        <p>Na
          <pb/></p>
          <p>Ti</p>
          <p>u mlynára by lepšie neboly</p>
          <p>„A sú na predaj?“ 4</p>
          <p>- „Sú, sú. Keď dobre zaplatíte.“</p>
          <p>„Jestli sú pre nás súce, rádi,“ %</p>
          <p>„ľré kohokoľvek, pánovia. Žerú samé zrno. Ad animau, ani</p>
          <p>„Mohli by ste nám jich ukázať?“</p>
          <p>„Hneď, pánovia, nech si len tú botu dohotovím. No tak už je.
            Chvála Bohu! Bude už svrchovaný čas i do jarmoku sa podívať.“</p>
          <p>„Veru už, pán majster. Len nám teda ukážte tie prasiatka.“</p>
          <p>Majster Sládeček ešte len teraz vstal hore zo svojej trojnohy,
            sosňal s nosa veliké, v žltom drôte zarobené okuliare, položil si
            jich na čelo a hľadel na dotazujúcieh sa kupcov.</p>
          <p>„Teda opravdu jich chcete kúpiť?“</p>
          <p>„Ináč by sme neboli u vás: len nám jich poďte ukázať.“</p>
          <p>„Dobre teda, stane sa! Pspspspsps!“ Pán majster začal pset-
            kať a tu, jakoby na ki vyšlo zpod postele päť krásnych,
            jedno od druhého kr ch prasiec.</p>
          <p>„No, nech sa ľúbi vybrať, pánovia , pekné sú všetky.“</p>
          <p>Sameček a Ondráš pozreli na seba, bo oni to boli. V pohľade
            tom viac povedano bolo, jakoby“ sme to my na papiery znázorniť
            mohli. Ešte len teraz jim svitnulo v hlave, prečo kamarát Šimšálek
            žiadal od nich popredku oldomáš. Ani sami neznali, či sa hnevať
            a. či smiať majú. Stáli tu jako obarení.</p>
          <p>„No čo, pánovia, snáď sa vám neľúbia? Ad animam, druhých
            krajov prasiatok v celom Sobotišti nenájdete.“</p>
          <p>„Veríme, pán majster,“ povie Sameček, „ale pre nás sú pri
            maličké.“</p>
          <p>„Jako sa ľúbi, jako sa ľúbi: kúpiť a predať nie je nútená vec.“</p>
          <p>„Tak je, pán majster. No nemajte nám za zlé.“</p>
          <p>„Ad animam, ani zďaleka, ani zďaleka. S Pánom Bohom, s Pá-
            nom. Bohom! Veď i ja sa musím ponáhlať,“</p>
          <p>Sameček a Ondráš ani sami nevedeli, jak sa vonku octnuli.
            Keď už boli na dvore, teprv jim prišlo na um, že zapomenuli s Bo-
            hom povedať. No ale už sa vrátiť nechceli.</p>
          <p>Za odchádzajúcimi v pätách poberal sa i pán mejster Sládeček
            do jarmoku. Pry ale, kým by bol vyšiel z domu, nezapomenul na
            svoje prasiatka, ktoré bol zpod postele vyvolal a ktoré po prostred
            chyže behali: usypal jim zrna, sviazal svoj tovar do plachetky, na
            vrch. pretiahol palicu, prehodil na plece, zamknul dom a pošiel.</p>
      </div>
      <div type="chapter">
        <head>IV.</head>
        <p>Veľtrh bol v úplnom prúde. Predávalo, kupovalo sa to až milá
          vec, Plieskanie rúk jednajúcieh sa, len sa tak ozývalo zo všetkých
          strán. Tovar majstra Sládečka bol minutý čo chvíľa. I Sameček a
          Ondráš už kúpili, ale na oldomáš k Šimšálkovcom nechceli viacej</p>
        <p>„ fsť. Preto však ani hostinec Šimšálkov, ani Kutálkov, ani žiadon</p>
        <p>nebol prázdny. Keď iní vychvalovali Kutálka, aj nad habanskú klu-
          čiareň, majster Sládeček nechcel inam ísť, jako k Šimšálkovi, lebo
          to mu bolo najbližšie. Ej, ale keby bol vedel, že to bol Šimšálek,
          čo k nemu ráno kupcov poslal: ad animam, bol by mu posvietil,
          aj povedal, že by mu to do živého bolo išlo. " tt</p>
        <p>
          <pb/>
        </p>
        <p>- Tež a hošťinskí a kde. aký vinár k. mali dnes
          odbyt: darilo sa dobre pernikárom. Títo skoro všetky
          rozpredali. Pandúr Garabaš kúpil jedno. tých najväčších
          Kristíne. Videl to i Ján Dolinský. A to ho aj zarmútilo, ale aj
          rozpálilo, že by bol pandúra hneď v zubách rozsekal a pomrvil na
          odrobinky, jako ráno tú cigaru. Taký bol napálený, že sa mu už
          ami k muzike nechcelo. A. dobre, že tam nebol. Bo keď mu ho-</p>
        <p>vyskočil.</p>
        <p>Chudák Dolinský! nevedel už ani čo robí, — lá si žiadal,
          aby čím skoršie bol v a bolo po jarmoku. Bo nikto sa nezdal
          mať s ním poľutovania. A predsa, to slniečko, jako by sa bolo
          chcelo nad ním smilovať, čím dial, tým sa klonilo ku západu.
          Na obzore počínaly sa dvíhať oblaky. ako čoby sa k búrke bolo
          chystalo. Niekt: rmočníkov počali svoj tovar skladať, šiatre
          rozberať, ujúc sa. k odchodu. a</p>
        <p>o sa začalo | pomrákať, basa a klarinet na Červenom dome
          nezdaly sa toho si všímať. Ihrajúci v kole ani zďaleka nemysleli na
          rozejitie, bo čím ďalej tým viac boli rozohnenejší. Po teraz trpeli
          i mladších medzi sebou, bárs kedy tedy nejednomu sa ušiel hodný
          lepanec práve vtedy, keď sa toho najmenej nadál, alebo ani sa ne-
          nazdál: už mu bol klobúk von oknom. Medzi najd tieravejších pa-
          tril pasák, Samo Blanár. lllava mu už bola dotlčená, jako planá
          hruška: klobúk mnohokrát von oknom vyhodený, ale nič nespomo-
          hlo, on sa chcel mrviť medzi ostatnými. Zase mu ho von vyhodili.
          Vonku stoja a smiali. Samo vybelhmul von, zodvihol si širák, od-
          behol kamsi, ale o chvíľu sa zase vrátil a zrovna do kola.</p>
        <p>Pac! už mu ktosi vlepil pohlavok, No ale tentokrát zle po-
          chodil, lebo sa prezradil: vykriknúc, takže i basu i klarinet pre-
          kričal, krev sa mu len tak z ruky cedila.</p>
        <p>„Aha! Sykorkár, ale som ťa dostal,“ posmieval sa“ mu Samo,
          keď muzika prestala, nedbajúc ani na ťo, že i jemu z hlavy krev
          vyviera.</p>
        <p>Ale sotva, že vyj povedal to slovo „Sykorkár“, už zas dostal po
          ústach: Tu máš, „Preclikár“.</p>
        <p>„Kto je Preclikár?“</p>
        <p>7Kto Sykorkár?“</p>
        <p>Bolo počuť dnu i von. Jedni na jednu, dr uhí na druhú stránu
          sa sriaďovali. Už neboli jako pri ihre v kole pomiešaní. V jednom
          okamžení stáli Sobotišťania na Jednej a Častkovania, na druhej strane.
          jako kohúti proti sebe. Ba už sa i za prsia začali potriasať.</p>
        <p>„No udri ma!“</p>
        <p>2No uúdri ty, keď máš kuráž!“</p>
        <p>"Ty Praclikár !“</p>
        <p>„Ty Sykorkár!“</p>
        <p>„Praclikári, nedajte sa, však ste doma. Sykorkári i, nebojte sa!“
          poliučkávali okolostojaci hašteriacich sa. A tí už si boli vo vlasoch.
          V tom však prišli pandúri, urobiac ďalšej ruvačke koniec.</p>
        <p>Častkovania museli sa odobrať domov. Pandúri jich vyprovo-
          dili až na častkovskú cestu. Pokojnejší on furtáci ale skoršie
          boli v mestečku, jako sami pandúri.</p>
        <p>vorili, že tam (iarabaš Kristínu na líco uštípnul, div že z b ne- -</p>
        <p>
          <pb/>
        </p>
        <p>Z muziky už“
          zakázali: hudci i „so. svojmi nástrojmi hudebnými museli opustiť
          hospodu.</p>
        <p>Na židov bolo zle. Prečo? Lebo že oni tomu boli na príči
          že ďalej muzika nechcela hrať. Oni že naviedli richtára i pandúr
          aby muziku rozohnali. .</p>
        <p>Rozpásaná chasa počala hromžiť na židov a má pandúrov. Vy-
          puknutý spor pri muzike bol zabudnutý: už boli zase spolu, jako —
          čoby sa nebolo nič stalo a oni najlepší priatelia bývali. Keď jich
          pandúri na jednom mieste rozohnali, sišli sa na druhom. Alebo
          rozdelili sa na viacej trup. A keď na jednom konci hulákanie ustalo,</p>
        <p>s začalo sa ihneď na druhom, takže pandúri si s nimi už ani rady
          dať nevedeli. A to jim tým ťažšie padlo, keď i sami so sebou zdali</p>
        <p>Ť sa nevládať, už od toho ustavičného chodenia a či toho posilňo-</p>
        <p>Ť vania sa nápojami, ktorých sa jim v toľkej miere dnes za podiel
          dostalo, jako nikdy preutým. K tomu ani na cigarách jim ne-
          schodilo.</p>
        <p>Naposledy musely byť hosti</p>
        <p>ice i krámy pozatvárané, aby po-
          riadok zavedený byť mohol. Baviaci sa či chceli a či nechceli, mu-
          seli ísť domov. Medzi ubi mi sá domov vidime i majstra Slá-
          dečka. ba i Brunčko šiel za ním, ktôrý svoj oldomáš bol už dávno
          cez hrdlo prehnal.</p>
        <p>Majstrovi Sládečkovi nijako to nešlo do hlavy, že musel sko-
          roj, jako jemu sa lúbilo, hospodu opustiť. To sa mu a nestalo.
          No ale už len šiel. Nie tak ale Brunčko.</p>
        <p>Sotva že prišiel pred najbližší hostinec, už bol v ňom. Tu</p>
        <p>J práve bola reč o pasákovi Blanárovi, ktorému pri muzike mládenci
          Ň klobúk von okňom vyhodili a ktorý potom z pomsty odišiel a kúpil
          : si špendlíkov. Tieto potom napchal do“ klobúka hore koncami a
          i odišiel zase k muzike, miesiac sa pomedzi chasov. V tom mu vy-
          lepil jeden z ihrajúcich pohlavok a všetky špendlíky vrazil si do
          ruky, ktorú si celú rozkrvácal.</p>
        <p>Brunčko Mači</p>
        <p>V tom však sú ktosi z prátáných:</p>
        <p>„Rád by som predsa vedel, prečo Častkovanov „Sykorkármi“
          menujú?</p>
        <p>Keď všetci mulč:</p>
        <p>jalon nevedel, ozval sa Brunčko u povie:</p>
        <p>| M " „Za dve lolby vína, ja vám to poviem.“
          „Dostaneš jich,“ povie predošlý.
          : „No dajte jich naliať.“</p>
        <p>„Ešte si nič nepovedal.“</p>
        <p>„Musím si napred hrdlo ovlažiť.“</p>
        <p>„Ty ho máš tiež vždycky suché.“</p>
        <p>» Veď už dávno nepršalo.“</p>
        <p>„Ale nie u teba. Rozkáž si teda naliať.“ &gt;</p>
        <p>„Rozkážem, ale vy zaplatíte.“</p>
        <p>„Zaplatím, ale skorej, len jednu holbu.“ A</p>
        <p>Brunčko roj l priniesť víno. Upil si z neho je! AŽ
          vo flaške takmer nič nezostalo. Potom však začal hov:</p>
        <p>„Naši susedia Častkovania. mali jednu horu. Táto hora však
          im veľmi pustnala. Čosi jim ju kynožilo. Keď toho mnoho už bolo,</p>
        <p>
          <pb/>
        </p>
        <p>A ,</p>
        <p>občanov do porady. Tu v porade vyšlo na vrch, že veru sykorka
          je to, čo tú horu kvári.</p>
        <p>Í radili sa teda ďalej, čo by mali robiť. Tu povstal jeden
          2 prítomných a povie: Páni občania! My sme všetci sedliaci, nám
          to nebude fažko našu horu ratovať, len keď to budeme chcieť uro-
          biť. Preto by som radil, vyberme sa všetci, koľkokoľvek nás je, Po-
          berme si sekery a obstúpme horu. A keď uvidíme tú mršinu na
          niektorom strome, ten hneď i zotneme. Jestli ste teda spokojní
          5. mojou náradou : nech pán richtár určí den, na ktorý by sme sa
          pod pokutou všetci sišli.</p>
        <p>Nárada bola jednomyseľne prijatá. Pán richtár učil deň. Ob-
          čania sa sišli ú horu. Sotva že sa to stalo, zavolá jeden
          Aha! či ju vidíš hen, jako si sedí na tej jedličke?“</p>
        <p>Jedlička padla pod ostrými sekerami — ale sykorka sadla na
          druhú, aj tá padla — i tretia i št A tak to išlo až do neko-</p>
        <p>na. Sykorka hneď tu, hneď tam, hneď v prostriedku, hneď na
          ji na stromy sedala, z ktorých každý bol bez milosrdenstva zoťatý.</p>
        <p>Ešte rak stál (a jed a jediná jedla (Z „celej hory. A tu cele</p>
        <p>s Spozoroval! ju ktosi na ňu se-
          kerami. ET TE Sykorka, začiní
          i ju vidíš, Jako letí?“</p>
        <p>2Už nás nebude jed
          „Ani našu horu kaz
          Veru nie“ NÁ viru ktorýsi hlavou a doloží: „lebo už
          Ä keď už celá hora le: vyťatá. pre sykorku, rozmý
          richtár a s ním ostatní, jako horu ratovali.</p>
        <p>04 kval ta ahy ste vedeli, menujú Častkovanov Sykorkárir</p>
        <p>jednu holbu,“ rei ri Sotva však</p>
        <p>i | rozkaz, aby
          ý zavrel hospodu.</p>
        <p>„Dobre, ale nebárs,“ dudral si Brunčko popod nos a obejmúc
          fľašu oboma rukama, ani čoby mu ju dakto vziať elicel, rečie: „Ej,</p>
        <p>Už sa obori
          &gt; letela. preč.</p>
        <p>ale vínko, teba tu zanechámť Nie... Pôjdem. Však nás to "en
          židia vyhá Istócy éljen, žide ven!
          »Brunčko, ticho! Choď v pokoji. domov, bo ináčej — —-“</p>
        <p>Istócymu! Nech ho Pán Boh živí!“ a na dúšok vytrúbil celú fľašu
          a jako ostatný poberal sa aj on von.
        </p>
      </div>
      <div type="chapter">
        <head>V.</head>
        <p>Ta von bolo sa už dávno zmrklo. Zoblačilo sa. Tma sa šírila.
          Z jarmočníkov už dávno niektorí spali: Len tu i tu ešte bolo vi-
          dieť niektorých, ktorí sa domovy navracali, a pandúrov, ktorí ešte
          vždy patrolirovali. I krik a shon mládeže, zdalo sa, jakoby už bol
          v spánok sa ponoril.</p>
        <p>Už ani Dolinského nebolo vidieť, ktorý ustavične vrel na pan-
          dúrov, menovite na Garabáš</p>
        <p>Tu zavreští ktosi: „Eljen! žide ven!“ Pre tmu ho nebolo vi-
          dieť. Pandúri hnali sa za ním, vlastne len za hlasom. A.koho prvého</p>
        <p>2</p>
        <p>riehtár Haute aLjevalat REN dš: hájiť, svolal</p>
        <p>„Bo ináčej mňa zavrete, pravda. Nebojte sa! Na zdravie pánu “</p>
        <p>
          <pb/>
        </p>
        <p>nili. Nastal
          krik, lom. Pandúrov obkolesili, tak že sa pohnúť nemohli. A kým
          jedni s pandúrmi sa liašterili, druhí začali židákom okná vyhíjať.</p>
        <p>Z pekelného kriku, brinkotu: okióu ozvaly sa i strelné ravy, k tomu</p>
        <p>ayste: i hromy Me“ počaly.v +7. +074 N
          Táto surma vyvábi pokojných obyvateľov von. z domov a »</p>
        <p>rýnok a ulice obživnulý, jako čoby sa počínal znova veľtrh.</p>
        <p>Avšak. sotva: minulo štvrť hodiny a už všade. bolo ticho: uliče.. “
          i rýnok bok prázdny, len hrmenie hromov rušilo nočniu tichosť a:
          žiara bleskov krájalá hustú tmu. Nato spustil sa hustý dážď z obla-
          kov, ktorý prinútil ešte i sámých hlásnikov a vartášov hľadať útulok
          niekde pod strechou. “</p>
        <p>Ešte i pandúri zmiznuli bez stopy, jako by jich tu nebolo bývalo.</p>
        <p>Do rána však vedeli nielen v Seužci a pa celom okolí, ale
          i v samej Pešti, čo sa v noci v Sobotišti porobilo: Všade, na celom
          okolí hovorilo sa o povybíjaných židovských oblokoch, ani čoby si
          celé okolie bolo na"nerožmyslenom žarte súčastnilo. Kto sa
          pri vybíjaní súčastnil, nehovorili nikde. Zo skutku, tak sa zdalo,
          že radujú sa vš Za následky však nechcel byť žiaden zotpo-
          vedný. Rozkazovali všetci, cechu zaplatili Sobetišťania.</p>
      </div>
      <div type="chapter">
        <head>VI.</head>
        <p>Sotva, svitnulo ráno, pá. slúžny už bol na dejišti, prezerajúc
          povybíjané obloky. Na ústach jeho, jako tvrdili mnohí, ukrývalossa
          pokojné usmiatie. Cele pokojne hľadil si svoje biele bajúziky. Len
          keď sa Zpytoval po pandúroch a žiaden mu nevedel o nich pove-
          dať: zahrešil a úsmev zmiznul z tváre. A či nemal i hrešiť, keď .
          mu žalovali, že veru milých pandlúrov v noci bili, do potoka pohá-
          dzali: kto zná, či i nepohynuli? .</p>
        <p>Pán slúžny, obstúpený žalobníkmi, jako Pilát, keď mal. súdiť
          Krista Pána, ani nevedel, ktorého zo žalujúcich židákov má skorej:
          počúvať. Na šťastie však hľadaní pandúri dostavili sa. Boli vyká-
          raní. No nebolo na tom dosť, pohrozeno jim ešte prísnejšou poku-
          tou, že svojej povinnosti, čo strážcovia pokoja, neurobili zadosť.</p>
        <p>Ale Garabáša nebolo medzi prišlými.</p>
        <p>„Kde je?“ pýta sa slúžny ostatních.</p>
        <p>Nevedel ani jeden. Židáci hovorili, že ho v noci zabili a ho-
          dili do vody a voda že ho odniesla.</p>
        <p>"Tu ozval sa po chvíli hlas bubna. Všetko sa hrmulo počúvať.
          Čo nového? Mid o d
          Hrúza! Keď bubnovanie prestalo, sám pán slúžny hovoril ku</p>
        <p>shromaždeným : &gt; P
          „Tejto noci ztratil sa jeden z paudúrov. Ktoby vedel o ňomr</p>
        <p>niečo povedať: sto zlatých dostane čo odmenu.“ y
          Zástup sa rozišiel, rozmýšľajúc: kdeby sa bol mohol, pandúr, -</p>
        <p>podieť ? TR #</p>
        <p>. Pandúri poskladali pušky a miesto nich ozbrojení ohreblami
          a vidlami, vyšli hľadať svojho kamaráta. Probovali tu i tam, hore
          i dolu, kde sa jim zdalo trochu hlbší potok: bo hlbokým nenie
          nikde a dažďová voda dávno ubehnula: ale ztrateného kamaráta.
          nebolo nikde. Všetko hľadanie a pátranie po ňom bolo bezvýsledné.</p>
        <p>dohonili, toho zaujali. Zajatý sa S, kauiaráti ho brá</p>
        <p>
          <pb/>
        </p>
        <p>Už bolo okolo poľudnia. Ľvár pána slúžneho už sá
          jako ráno: bola až veľmi prísna a celé chovanie rozdráždené.</p>
        <p>Nastala inkvisícia. Bol šťastlivý lý kresťan, ktorý s:
          čerňajším časom na ulici a ešte | tastlivejší ten, ktorý síce &gt;
          i od nikoho videný nebol.
          nýď nevinný: to bolo jedno vyšetrovateľovi, joštii žalobníci
          Jeho meno: pandúri s nastoknutými bodákami museli od
          vázu každého doviesť do obecného domu. Neplatilo “tu ani slovo
          richtára, ani notára, ani úradského, ani nikoho: pán slúžny, ,o kto-.
          rom sa predtým hovorilo, že je nepriateľom. židov, zrazu stal sú ne-
          ženým jejich zástupcom. Prečo, odkiaľ tá zmena? domýšľal s
          každý, báts/ aj pochopiť to neznal.</p>
        <p>K večeru bol plný obecný dom i dvor, bo koho sem priviedli,
          too nepustili viacej. Mali pandúri ešte tabotyr kým jich všetkých
          „dvoch a dvoch spolu poviazali.</p>
        <p>Pozor!“ velel strážamešter, keď už boli pandúri so sväzova-
          v hotoví. Pandúri sa postavili do radov.
          „Zbroj do rúk! Nabíjať!“</p>
        <p>To všetko stalo sa pred očima zajatých, aby jim pán H8.
          mešter väčšieho strachu nahnal a jim svoju vážnosť ukázal,</p>
        <p>Zajatí boli na. to na vozy pousádzaní. Pandúrom veleno, aby
          jich sprevádzali 1 každého, gu, by sa opovážil z voza prehnúť,
          odrazu: zastrelili.</p>
        <p>Sluječko už ene vúto! V zpred obecného domu pohuul sa
          dlhý rad vozov k Senici, kam obžalovaných #prevodili. Na uliciach
          sa /xozliehal plač a. nariekanie žien a detí. Zidovskí žalobníci sa
          poukrývali, ani čoby sa boli hanbili sami za to, že to tak ďaleko.
          prišlo a že mnohí z nich boli nevinní, jako to niektorí z nich
          sami. sožnávali. Ľútosť však: jejich. snáď dotiaľ trvala, kým sa
          čiastka pandúrov do mestečka zas prinavrátila.</p>
        <milestone unit="subchapter" rend="stars"/>
        <p>Večierkom toho samého dňa zatáral sa Brunčko na Čup. Majster
          Sládeček bol práve na dvore.  Zamyslený pozeral v tú stranu ku
          Senici, ďakujúc v duchu Pánu Bohu, že bol ochránený pred hanbou.
          Z myšlienok vytrhmul ho pozdrav Brunčkov.</p>
        <p>„Dobrý večer, pán majster!“</p>
        <p>„Pán Boh: daj aj tebe,“ poďakoval HU a bral sa "do
          pitvora, ale Brančko šiel za ním. I zostal tedy stáť. Oba posadili
          sa pod stenkou ra násypok a tu započal sa medzi nimi nasledu-
          júci rozhovor:</p>
        <p>„Ej, ale sa to len robilo dnes. u nás, pán majster.“</p>
        <p>„Robilo veru, robilo: strach, hrúza, posmech, čoho sa človek
          na sťaré dni nedožije.“</p>
        <p>„No ale však to tých židákov muselo pekný groš stáť, že si
          toho slúžneho tak po svojej stránke obrátili. A nemal dobrého
          svetlomia, lebo keď sedel na tom vozíku, tak sa vám obzeral
          z jednoho boka na druhý, jako čoby ho už niekto bol za krágeľ
          dolu ťahal. Mali ste ho len vidieť.“</p>
        <p>„Pán Boh je spravedlivý , on ho nájde, synak môj, jestli čo,</p>
        <p>
          <pb/>
        </p>
        <p>M a
          0 tým pani úrom, kde
          fa vY</p>
        <p>| Veď je už ztratený. H</p>
        <p>i - „Nenie veru. A ja bý som sa stavil, že keď sám neprišiel,
          U. - miž bo dozajista najdú. Ja viem s istotou, kde je.“</p>
        <p>„A prečo si to slúžnemu nepovedal? Mohol si dostať sto
          zlatých.“</p>
        <p>„Áno, alebo pútka na ruky. To bol len fígeľ. Ja mu nedám,
          Ďolbu vína za celých jeho sto zlatých.“</p>
        <p>&gt; „A si myslíš, kdeže sa teda nachodí?“</p>
        <p>a . 33a nemyslím, ale viem, kde je s istotou. A keď chcete vedieť,
          poviem vám, že nenie nikde inde jako na Doline.“</p>
        <p>ry "a čoby sa kdesi robil až doteraz?“</p>
        <p>M. „Čo robí? Spí dakde, bo bol jako čík napitý. Bol som toho jé</p>
        <p>sám svedkom, keď kupoval jarmočné jednej Dolinárke, #0) slúhil,
          že si večer prijde na Dolinu pre jarmočné.“
          „Ad animam! to by bol špás, keby to pravda bola“
          5 E „Mám jeden krk, ale aj ten postavím, že je tomu tak.“
          „No však uvidíte, čo z toho vykvitne.“
          „Nič dobrého pre nás.“
          " „Ad animam! tak je, tak! Máš pravdu: čo deň, to je horšie.</p>
        <p>v Cigáňstvo sa: zmáha, čo chvíľa statočný človek ani nébude môcť
          žiť na svete. Všetko ale do času, Pán Boh na veky.
          vá „Veru máte pravdu, pán majster. No dobrá vám noc!“
          „Pán Boh daj aj tebe!“
          a. Pán majster šiel do chyže, Brunčko ale domov.</p>
        <p>Na druhý deň ztratený pandúr sa našiel.</p>
        <p>Brunčko mal teda pravdu. Len to banoval, že sa s ním pán
          majster Sládeček nestavil o niekoľko holieb vína. jú</p>
        <p>Pandúr sa vyspal z opice, ktorú kúpil na jarmoku, a potom
          prišiel sám od seba. Či mu pán slúžny sto zlatých vyplatil, ne-</p>
        <p>NM vieme, ale“ pochybujeme. f.
          Starý pánko Šimšálek nestáva už na moste. Škoda. ho byť, Že
          ho viacej nie je. Neprešlo síce po dnes mnoho rokov od osudného</p>
        <p>veľtrhu, ale už ani majstra Sládečka niet.</p>
        <p>U Dolinský s Kristinou tvoria jeden pár. Kristina je až po dnes
          x veselá a keď sa muž na ňu nahnevá .a ona je dobrej vôle, to mi
          r aj zamôti:-</p>
        <l>„Trucuje ma ktosi,</l>
        <l>| Budem ja kohosi,</l>
        <l>Ale sa ma ktosi</l>
        <l>Do vôle naprosí.“</l>
        <p>A pýtala sa, čo robí náš všetkovedel Bruučko. Vysťahoval sa
          zo Sobotišťa. ,</p>
      </div>
    </body>
  </text>
</TEI>
